Workbook

Sheet M1
A1: ALKAMO — M1 (arabe) 20 THEMES
A3: N° | B3: THÈME | C3: MOTS
A4: 1 | B4: الطبيعة والتضاريس | C4: =M1_mots!A2 -> 452
A5: 2 | B5: البحر والمحيط | C5: =M1_mots!B2 -> 385
A6: 3 | B6: الطقس والمناخ | C6: =M1_mots!C2 -> 331
A7: 4 | B7: الحيوانات | C7: =M1_mots!D2 -> 260
A8: 5 | B8: التقاليد والعادات | C8: =M1_mots!E2 -> 242
A9: 6 | B9: الصيد وصيد السمك | C9: =M1_mots!F2 -> 325
A10: 7 | B10: الملابس واللباس | C10: =M1_mots!G2 -> 428
A11: 8 | B11: النباتات والأشجار | C11: =M1_mots!H2 -> 347
A12: 9 | B12: الطاقة والموارد الطبيعية | C12: =M1_mots!I2 -> 429
A13: 10 | B13: الطبخ والأطباق | C13: =M1_mots!J2 -> 302
A14: 11 | B14: الموسيقى وآلاتها | C14: =M1_mots!K2 -> 261
A15: 12 | B15: السياحة والسفر | C15: =M1_mots!L2 -> 307
A16: 13 | B16: المدرسة والدراسة | C16: =M1_mots!M2 -> 334
A17: 14 | B17: جسم الإنسان | C17: =M1_mots!N2 -> 168
A18: 15 | B18: الدين والعبادة | C18: =M1_mots!O2 -> 326
A19: 16 | B19: الصحة والتطبيب | C19: =M1_mots!P2 -> 324
A20: 17 | B20: الحرف اليدوية | C20: =M1_mots!Q2 -> 288
A21: 18 | B21: الحيوانات الأليفة | C21: =M1_mots!R2 -> 213
A22: 19 | B22: الأخلاق والصفات | C22: =M1_mots!S2 -> 242
A23: 20 | B23: الحواس والإدراك | C23: =M1_mots!T2 -> 454
A24: TOTAL | C24: =SUM(C4:C23) -> 6418

Sheet M1_mots
A1: الطبيعة والتضاريس | B1: البحر والمحيط | C1: الطقس والمناخ | D1: الحيوانات | E1: التقاليد والعادات | F1: الصيد وصيد السمك | G1: الملابس واللباس | H1: النباتات والأشجار | I1: الطاقة والموارد الطبيعية | J1: الطبخ والأطباق | K1: الموسيقى وآلاتها | L1: السياحة والسفر | M1: المدرسة والدراسة | N1: جسم الإنسان | O1: الدين والعبادة | P1: الصحة والتطبيب | Q1: الحرف اليدوية | R1: الحيوانات الأليفة | S1: الأخلاق والصفات | T1: الحواس والإدراك
A2: =COUNTA(A3:A5000) -> 452 | B2: =COUNTA(B3:B5000) -> 385 | C2: =COUNTA(C3:C5000) -> 331 | D2: =COUNTA(D3:D5000) -> 260 | E2: =COUNTA(E3:E5000) -> 242 | F2: =COUNTA(F3:F5000) -> 325 | G2: =COUNTA(G3:G5000) -> 428 | H2: =COUNTA(H3:H5000) -> 347 | ... T2: =COUNTA(T3:T5000) -> 454
A3: حدائق | B3: سباحة | C3: استوائي | D3: بحر | E3: أجداد | F3: قرن | G3: خياطة | H3: آبنوس | I3: إشعاعي | J3: احتفل | K3: طبول | L3: آثار | M3: أب | N3: جسم | O3: أصنام | P3: حيوي | Q3: حرفي | R3: كلب | S3: ابتكار | T3: إبرة
A4: حيوي | B4: جزر | C4: جفاف | D4: براري | E4: احترام | F4: بحري | G4: داخلي | H4: أجمة | I4: حرارية | J4: أحشاء | K4: أجواء | L4: أثر | M4: ابتدائي | N4: فخذ | O4: مقدسة | P4: عملية | Q4: فخاري | R4: قطة | S4: إبداع | T4: اتجاه
A5: اتساع | B5: سفينة | C5: جوية | D5: حيواني | E5: احتشام | F5: بري | G5: رياضي | H5: أحاط | I5: حفري | J5: أخطبوط | K5: إذاعة | L5: أجنبي | M5: ابتدائية | N5: دموي | O5: أب | P5: فيروس | Q5: مصمم | R5: أرنب | S5: اتفاق | T5: أتى
A6: احترام | B6: صيد | C6: طقس | D6: طنان | E6: احتفال | F6: حيتان | G6: منزلي | H6: أحراش | I6: زيت | J6: أدوات | K6: أذن | L6: إدارة | M6: ابتكر | N6: فقري | O6: ابتهال | P6: مضاد | Q6: إبداع | R6: طائر | S6: اجتماعي | T6: إثارة
A7: أحراش | B7: إبحار | C7: هواء | D7: وحشي | E7: أدب | F7: سمك | G7: إبر | H7: أخضر | I7: شمسية | J7: أرز | K7: ارتجال | L7: أدغال | M7: أبجدية | N7: قدم | O7: اجتهاد | P7: إبرة | Q7: إبرة | R7: سلحفاة | S7: اجتهاد | T7: أثر
A8: إحساس | B8: اتجاه | C8: باردة | D8: ابن | E8: إرث | F8: شم | G8: إبرة | H8: إدارة | I8: طاقة | J8: استقبال | K8: ارتفاع | L8: أرجوحة | M8: إبداع | N8: لوح | O8: أجر | P8: أبهر | Q8: إتقان | R8: همستر | S8: احترام | T8: أثّر
A9: إحيائية | B9: اتصال | C9: جوي | D9: أحفورة | E9: أرجوحة | F9: نشاب | G9: إبزيم | H9: أدغال | I9: فحم | J9: أعشاب | K9: أرغن | L9: أرخبيل | M9: اتجاه | N9: إبط | O9: إجماع | P9: أثر | Q9: أخصائي | R9: حصان | S9: احتقار | T9: أحس
A10: أخاديد | B10: أخطبوط | C10: داكن | D10: أدغال | E10: أرز | F10: أثر | G10: اختيار | H10: ارتفاع | I10: ماء | J10: أفوكادو | K10: أرغول | L10: ازدهار | M10: إجازة | N10: إبهام | O10: احترام | P10: احمرار | Q10: أداة | R10: خروف | S10: احتمال | T10: إحساس
A11: أخلاقي | B11: أرخبيل | C11: رمل | D11: أرانب | E11: أرض | F11: احتجاز | G11: أخضر | H11: أرز | I11: متجددة | J11: أكل | K11: استرخاء | L11: استراح | M11: اجتماع | N11: إحساس | O11: احتفل | P11: أحياء | Q11: أدوات | R11: ماعز | S11: اختراع | T11: أخذ
A12: أدغال | B12: استحم | C12: ريح | D12: أرنب | E12: إزار | F12: اختباء | G12: أدغال | H12: أرض | I12: مشعة | J12: أناناس | K12: استماع | L12: استراحة | M12: اجتهاد | N12: أذن | O12: إحسان | P12: أذن | Q12: إزميل | R12: بقرة | S12: اختلاف | T12: أخلاق
A13: ارتفاع | B13: استغاثة | C13: عاصفة | D13: أروية | E13: استقبال | F13: اختبار | G13: أربطة | H13: إزالة | I13: مفاعل | J13: أنشوجة | K13: استمع | L13: استرخاء | M13: احترام | N13: أربطة | O13: اختيار | P13: أرشيف | Q13: إسكافي | R13: حمار | S13: اختيار | T13: أخلاقي
A14: أرجوحة | B14: أسر | C14: فجر | D14: أسد | E14: أسطورة | F14: أخطبوط | G14: ارتداء | H14: أزاليا | I14: نفط | J14: باذنجان | K14: استوديو | L14: استفاد | M14: أخبر | N14: أسنان | O14: إخلاص | P14: أرضع | Q14: أصالة | R14: دجاجة | S14: إخلاص | T14: إدراك
... A170: رأس | B170: سباح | C170: زراعي | D170: فخ | E170: قربى | F170: شعاب | G170: خطم | H170: ساج | I170: حرارة | J170: طماطم | K170: فرقة | L170: ضباب | M170: طفل | N170: يقظة | O170: صبر | P170: طبي | Q170: عدة | R170: ظهر | S170: فخر | T170: خطة
A171: ربوة | B171: سحاب | C171: زوبعة | D171: فراشة | E171: قرفة | F171: شعر | G171: خفاش | H171: سافانا | I171: حراري | J171: طهوي | K171: فلكلوري | L171: طائرة | M171: عادي | O171: صدقة | P171: طبيب | Q171: عصا | R171: متماسك | S171: فرح | T171: خفي
A172: رسام | B172: سد | C172: سابقاً | D172: فرس | E172: قرية | F172: شغف | G172: خفق | H172: ساق | I172: حرق | J172: طهي | K172: فلوت | L172: طبي | M172: عاقب | O172: صريح | P172: طبيعي | Q172: عطر | R172: متناقض | S172: فشل | T172: خفيف
A173: رسوبي | B173: سرطان | C173: ساحل | D173: فرو | E173: قطن | F173: شفاء | G173: خفيف | H173: سبانخ | I173: حركة | J173: عجن | K173: فن | L173: طبيعة | M173: عالم | O173: صلاة | P173: طفيلي | Q173: علمي | R173: مثقف | S173: فضول | T173: خلود
A174: رطب | B174: سرعة | C174: ساعة | D174: فريسة | E174: قفطان | F174: شمس | G174: خلد | H174: سرخس | I174: حركي | J174: عدس | K174: فنان | L174: طريق | M174: عائلة | O174: صليب | P174: طهر | Q174: عمدة | R174: مجرد | S174: فضيلة | T174: خيال
A175: ركام | B175: سطح | C175: سائل | D175: فطام | E175: قلادة | F175: صاد | G175: خلع | H175: سرو | I175: حريق | J175: عسل | K175: قاد | L175: طعام | M175: عرض | O175: صوفي | P175: طوارئ | Q175: عنبر | R175: مجنون | S175: فكر | T175: خير
A176: رمال | B176: سعة | C176: سحابة | D176: فقمة | E176: قهوة | F176: صبر | G176: خليج | H176: سفرجل | I176: حزمة | J176: عشاء | K176: قاعة | L176: عابر | M176: عرف | O176: صوم | P176: عافية | Q176: غرز | R176: مذهب | S176: فكرة | T176: دار
A177: رمل | B177: سقي | C177: سحب | D177: فك | E177: قول | F177: صحراء | G177: خندق | H177: سقي | I177: حفر | J177: عشب | K177: قائد | L177: عاد | M177: عطلة | O177: صيام | P177: عالج | Q177: غرزة | R177: مراجعة | S177: فهم | T177: دال
A178: رملي | B178: سلح | C178: سرعة | D178: فلامنغو | E178: كحل | F178: صدر | G178: خوذة | H178: سكر | I178: حفظ | J178: عصير | K178: قبائلي | L178: عام | M178: عقاب | O178: طاعة | P178: عام | Q178: غزل | R178: مربك | S178: فوضى | T178: دقة
A179: رملية | B179: سلحفاة | C179: سطح | D179: فهد | E179: كرامة | F179: صف | G179: خياط | H179: سماد | I179: حقل | J179: عنب | K179: قداس | L179: عبارة | M179: علامة | O179: طاهر | P179: عامة | Q179: غطاء | R179: مشكلة | S179: قاس | T179: دقيق
A180: رواسب | B180: سلسلة | C180: سقوط | D180: فيل | E180: كرم | F180: صفارة | G180: خياطةٌ | H180: سنبلة | I180: حكمة | J180: غاسباتشو | K180: قرص | L180: عبور | M180: علم | O180: طائفة | P180: عدوى | Q180: فخار | R180: مشورة | S180: قبول | T180: دل
A181: روح | B181: سلطعون | C181: سكون | D181: قارت | E181: كسكس | F181: صقارة | G181: خيط | H181: سنجاب | I181: حماس | J181: غداء | K181: قرع | L181: عشاء | M181: علمي | O181: طرد | P181: عرض | Q181: فرن | R181: مطلق | S181: قدرة | T181: دلالة
A182: روحانية | B182: سلم | C182: سنة | D182: قارض | E182: كعك | F182: صقر | G182: خيطان | H182: سنط | I182: حمل | J182: غذاء | K182: قرعية | L182: عطلة | M182: علوم | O182: طقس | P182: عصب | Q182: فضة | R182: معرفة | S182: قراءة | T182: دلالي
... A215: شخصية | B215: طائرة | C215: ضوء | D215: ماعز | E215: منهاج | F215: غوريلا | G215: ساق | H215: عائلة | I215: روح | J215: كافيار | K215: مسيرة | L215: كثيب | M215: قلم | O215: فجر | P215: فعال | Q215: متدرب | R215: يقين | S215: مقارنة | T215: سريع
A216: شديد | B216: طحلب | C216: طبقة | D216: مانجو | E216: مهر | F216: فأر | G216: سترات | H216: عرعر | I216: ريح | J216: كاكاو | K216: مشغل | L216: كوخ | M216: قواعد | O216: فدية | P216: فم | Q216: مترجم | S216: مكروه | T216: سلبي
A217: شرط | B217: طراد | C217: طبقي | D217: متجعد | E217: مهرجان | F217: فتيلة | G217: سترة | H217: عرق | I217: ريحي | J217: كبد | K217: مطرب | L217: لافتة | M217: قيادة | O217: فردوس | P217: فيتامين | Q217: محاسب | S217: ملل | T217: سلسلة
A218: شركة | B218: طرف | C218: طوارئ | D218: متوحش | E218: موروث | F218: فخ | G218: سحاب | H218: عشب | I218: زاد | J218: كثيف | K218: معجب | L218: لغة | M218: قيّم | O218: فرض | P218: قاعة | Q218: محامي | S218: مناقشة | T218: سماع
A219: شعاب | B219: طريق | C219: طور | D219: محار | E219: موسم | F219: فرو | G219: سحر | H219: عصارة | I219: زراعي | J219: كراميل | K219: معزوفة | L219: ليلة | M219: كتاب | O219: فضيلة | P219: قافلة | Q219: محرك | S219: منطق | T219: سمع
A220: شعر | B220: طعم | C220: طول | D220: محمي | E220: موكب | F220: فريسة | G220: سراويل | H220: عطري | I220: زلزال | J220: كرز | K220: معلم | L220: ليلي | M220: كتابة | O220: فطر | P220: قرص | Q220: محفظة | S220: مهارة | T220: سمعي
A221: شق | B221: طفو | C221: طين | D221: محمية | E221: مولد | F221: فضة | G221: سروال | H221: عقدة | I221: زينون | J221: كرفس | K221: مغن | L221: مأدبة | M221: كتب | O221: فطرة | P221: قرنية | Q221: مخرج | S221: موقف | T221: سياق
A222: شلال | B222: طمي | C222: ظاهرة | D222: محيط | E222: ميراث | F222: فقمة | G222: سعر | H222: عقلة | I222: ساكن | J222: كركم | K222: مغني | L222: مبيت | M222: كتيب | O222: فقه | P222: قصبة | Q222: مخرز | S222: موهبة | T222: شامل
A223: شمس | B223: طوف | C223: ظرف | D223: مخلب | E223: ميلاد | F223: فك | G223: سلسلة | H223: عمود | I223: سائل | J223: كركند | K223: مغنية | L223: متجر | M223: كرة | O223: فقيه | P223: قطرات | Q223: مخرطة | S223: نبل | T223: شائع
A224: شوّه | B224: طيار | C224: ظهر | D224: مربي | E224: ناي | F224: فهد | G224: سميك | H224: عناب | I224: سرعة | J224: كريم | K224: مقام | L224: متجول | M224: كرتون | O224: فكرة | P224: قلب | Q224: مدبغة | S224: نجاح | T224: شبكية
A225: صاعد | B225: طيران | C225: عاصف | D225: مرعى | E225: نجاح | F225: فيل | G225: سنارة | H225: عنب | I225: سعة | J225: كزبرة | K225: مقدمة | L225: متحرك | M225: كرر | O225: قارئ | P225: قلبي | Q225: مدقق | S225: نزاهة | T225: شخصية
A226: صبار | B226: عامل | C226: عجلة | D226: مرموط | E226: نحاس | F226: قارب | G226: شال | H226: غابة | I226: سعرة | J226: كستناء | K226: مقطع | L226: متحف | M226: كسل | O226: قاض | P226: قلبية | Q226: مدير | S226: نسيان | T226: شدة
A227: صحراء | B227: عبارة | C227: عصر | D227: مروض | E227: نسب | F227: قاع | G227: شتاء | H227: غرس | I227: سكن | J227: كسكس | K227: مقطوعة | L227: مترو | M227: كسول | O227: قاعدة | P227: قلق | Q227: مربي | S227: نشاط | T227: شذى
... A244: صوفي | B244: غارق | C244: فيضان | D244: نهاري | E244: وليمة | F244: قنص | G244: صيفي | H244: فلين | I244: شمعة | J244: ماء | K244: ناقوس | L244: مسافر | M244: مجموعة | O244: كافر | P244: لقاح | Q244: معلم | S244: يقين | T244: صمت
A245: صون | B245: غرق | C245: قاحل | D245: نهر | F245: قنفذ | G245: ضبابي | H245: فيكس | I245: صار | J245: مأدبة | K245: ناي | L245: مسبح | M245: محاضرة | O245: كاهن | P245: ماء | Q245: معماري | T245: صمم
A246: ضباب | B246: غريق | C246: قبعة | D246: نوع | F246: قوة | G246: ضلع | H246: قديم | I246: صاعقة | J246: ماعز | K246: نبرة | L246: مسحور | M246: محفظة | O246: كتاب | P246: مبيض | Q246: مغني | T246: صوت
A247: ضريح | B247: غطاء | C247: قديم | D247: هامستر | F247: قوس | G247: ضيق | H247: قراص | I247: صبر | J247: مالح | K247: نحاس | L247: مشي | M247: مخطط | O247: كتابة | P247: متعاف | Q247: مقاس | T247: صوتي
A248: ضفة | B248: غطس | C248: قرن | D248: هجرة | F248: قياس | G248: طارة | H248: قرع | I248: صحة | J248: مانجو | K248: نشوة | L248: مصاريف | M248: مدرب | O248: كتب | P248: مجنون | Q248: مقص | T248: صورة
A249: ضوء | B249: غواص | C249: قصوى | D249: هرب | F249: كاتم | G249: طاقية | H249: قرفة | I249: صدمة | J249: مائدة | K249: نشيد | L249: مصرف | M249: مدرس | O249: كرّس | P249: محايد | Q249: مكنسة | T249: صوفي
A250: طبع | B250: غوص | C250: قطبي | D250: هيكل | F250: كافيار | G250: طرز | H250: قرنفل | I250: صقل | J250: متبل | K250: نغم | L250: مصطاف | M250: مدرسة | O250: كفارة | P250: مختبر | Q250: ملحفة | T250: ضجيج
A251: طبقة | B251: فاض | C251: قطرة | D251: واد | F251: كبير | G251: طرف | H251: قرية | I251: صلابة | J251: مجفف | K251: نغمة | L251: مصيف | M251: مدرسي | O251: كفن | P251: مدة | Q251: ملقط | T251: ضد
A252: طبيعة | B252: فجر | C252: قمر | D252: وحش | F252: كتلة | G252: طوق | H252: قص | I252: صمام | J252: محار | K252: نفخ | L252: مضمار | M252: مدير | O252: كنيسة | P252: مدرسة | Q252: ملمس | T252: ضرورة
A253: طبيعي | B253: فرشاة | C253: قوة | D253: وحيد | F253: كرة | G253: طول | H253: قصب | I253: صناعة | J253: مخبوز | K253: نفخيات | L253: مضيف | M253: مدينة | O253: لاهوت | P253: مرارة | Q253: ممثل | T253: ضعيف
A254: طبيعيا | B254: فرغ | C254: قوس | D254: ورق | F254: كعب | G254: طويل | H254: قطع | I254: صهارة | J254: مخلل | K254: نقد | L254: مضيق | M254: مذاكرة | O254: لعنة | P254: مرض | Q254: ممثلة | T254: ضغط
A255: طبيعية | B255: فصل | C255: قوي | D255: وزن | F255: كلب | G255: طي | H255: قطن | I255: صوت | J255: مخمر | K255: نمط | L255: مطار | M255: مذهب | O255: لغز | P255: مرطب | Q255: ممرض | T255: ضوء
A256: طحلب | B256: فقمة | C256: قياس | D256: وشق | F256: كمين | G256: طية | H256: قطيفة | I256: صيانة | J256: مدخن | K256: نهاوند | L256: مطبخ | M256: مراجعة | O256: مباح | P256: مركز | Q256: ممون | T256: ضوضاء
... A262: ظاهرة | B262: قاع | C262: لطف | D262: يرقة | F262: لؤلؤ | G262: عروة | H262: كاكاو | I262: ضعيف | J262: مزرعة | K262: وجد | L262: مغارة | M262: مستوى | O262: متن | P262: مساعدة | Q262: منشار | T262: طور
A263: ظل | B263: قاعدة | C263: ليل | F263: ليل | G263: عرى | H263: كانولا | I263: ضغط | J263: مسلوق | K263: وقفة | L263: مغامرة | M263: مسطرة | O263: مجد | P263: مسالك | Q263: منظف | T263: طولي
A264: عاصفة | B264: قافلة | C264: ماء | F264: ماء | G264: عصابة | H264: كتان | I264: طاحونة | J264: مشتعل | L264: مقصد | M264: مشروع | O264: مجلس | P264: مستشفى | Q264: مهارة | T264: طيب
A265: عالم | B265: قالب | C265: ماضي | F265: ماعز | G265: عقد | H265: كثيف | I265: طبع | J265: مشمش | L265: مقصورة | M265: مشكلة | O265: مجمع | P265: مسح | Q265: مهنة | T265: ظاهر
A266: عالمية | B266: قبطان | C266: ماطر | F266: مالك | G266: عقود | H266: كرز | I266: طبيعة | J266: مشوي | L266: مقهى | M266: مشهور | O266: محبة | P266: مسحة | Q266: مهندس | T266: ظاهراتية
A267: عبقرية | B267: قرش | C267: مأوى | F267: مائي | G267: عمامة | H267: كرفس | I267: طبيعي | J267: مصفاة | L267: مقيم | M267: مشى | O267: محراب | P267: مسكن | Q267: موسيقي | T267: ظاهرة
A268: عجائب | B268: قرصان | C268: مايو | F268: مبارك | G268: عنق | H268: كرم | I268: طور | J268: مطبخ | L268: مكان | M268: مصطلح | O268: محرم | P268: مشرحة | Q268: موظف | T268: ظرف
A269: عرق | B269: قشر | C269: مبلل | F269: مجداف | G269: عين | H269: كرمة | I269: ظاهرة | J269: مطعم | L269: مكاني | M269: مصنف | O269: مذبح | P269: مصل | Q269: ميكانيكي | T269: ظلام
A270: عرياني | B270: قشرة | C270: متأخر | F270: محار | G270: غربي | H270: كستناء | I270: عازل | J270: معجنات | L270: مكتب | M270: مطعم | O270: مذهب | P270: مطهر | Q270: نادل | T270: عاد
A271: عزلة | B271: قشريات | C271: متجمد | F271: محمية | G271: غرز | H271: كشمش | I271: عاصفة | J271: معلب | L271: مكوك | M271: معاهدة | O271: مريد | P271: معدة | Q271: نادلة | T271: عاطفة
A272: عشب | B272: قصف | C272: متطرف | F272: مخبأ | G272: غرزات | H272: كمثرى | I272: عالجة | J272: مغرفة | L272: ملجأ | M272: معجم | O272: مزمور | P272: معدن | Q272: نجار | T272: عبارة
A273: عضوي | B273: قطبي | C273: متغير | F273: مخلب | G273: غرزة | H273: كوخ | I273: عبأ | J273: مقادير | L273: ممتع | M273: معدل | O273: مستحب | P273: معدي | Q273: نجارة | T273: عبث
A274: عظمة | B274: قطرة | C274: متقلب | F274: مراقبة | G274: غزال | H274: كينا | I274: عصب | J274: مقبلات | L274: ممر | M274: معرفة | O274: مسجد | P274: معقم | Q274: نحات | T274: عبثي
A275: عفوي | B275: قطرس | C275: متوسط | F275: مرجان | G275: غزل | H275: لاريس | I275: عصبي | J275: مقلاة | L275: منبع | M275: معلم | O275: مسلم | P275: معهد | Q275: نحاس | T275: عتبة
... A290: فراغ | B290: مأوى | C290: مستقر | F290: مقود | G290: قبعة | H290: متسلق | I290: فرامل | J290: نفقة | L290: نجمة | M290: ممحاة | O290: مقرئ | P290: موظفون | Q290: وكيل | T290: عمل
A291: فردوس | B291: مائي | C291: مستوى | F291: ملاح | G291: قبعجي | H291: مثمر | I291: فرن | J291: نقانق | L291: نزل | M291: ممنوح | O291: مكروه | P291: نادى | T291: عملي
A292: فردية | B292: مبرد | C292: مشبع | F292: ملح | G292: قد | H292: مجوف | I292: فشل | J292: نكهة | L292: نزهة | M292: مناظرة | O292: ملاك | P292: ناقه | T292: عملية
A293: فضاء | B293: مجداف | C293: مشرق | F293: ممنوع | G293: قدم | H293: محيط | I293: فضيلة | J293: نهم | L293: نصب | M293: مناقشة | O293: ملائكة | P293: نبات | T293: عنكبوت
A294: فطري | B294: مجرى | C294: مشمس | F294: مناخ | G294: قديم | H294: مخروط | I294: فعل | J294: نيء | L294: نظم | M294: منبر | O294: ملحد | P294: نبض | T294: عيب
A295: فعّالة | B295: مجلة | C295: مظلة | F295: منتزه | G295: قص | H295: مرعى | I295: فوتون | J295: هليون | L295: نقل | M295: منحة | O295: منبر | P295: ندبة | T295: عين
A296: فعل | B296: محار | C296: مظلم | F296: منحدر | G296: قَص | H296: مريمية | I296: فولت | J296: هيل | L296: نكهة | M296: مندوب | O296: منشد | P296: نزيف | T296: غاية
A297: فن | B297: محطة | C297: معطف | F297: منزل | G297: قصاصات | H297: مزارع | I297: فوهة | J297: وافل | L297: نهر | M297: منهج | O297: موت | P297: نسائية | T297: غبي
A298: فهم | B298: مخزن | C298: مغمور | F298: منظار | G298: قصاصة | H298: مزرعة | I298: فيتامين | J298: وجبة | L298: هادئ | M298: مهارة | O298: مؤذن | P298: نسيج | T298: غريزة
A299: فوضى | B299: مدة | C299: مقاومة | F299: مهارة | G299: قصة | H299: مزروع | I299: فيزياء | J299: وصفة | L299: هارب | M299: مهندس | O299: موعظة | P299: نظافة | T299: غموض
A300: فوهة | B300: مدرسة | C300: مقياس | F300: مهماز | G300: قصير | H300: مساحة | I300: فيزيائي | J300: وعاء | L300: هدوء | M300: مواظب | O300: مؤمن | P300: نظام | T300: غياب
A301: فئة | B301: مدرعة | C301: ملبد | F301: موت | G301: قطع | H301: مستنقع | I301: قار | J301: وفرة | L301: هدية | M301: مواظبة | O301: مؤيد | P301: نظف | T301: فاجأ
A302: فيزيائي | B302: مدمرة | C302: ملم | F302: موجة | G302: قطن | H302: مشتل | I302: قانون | J302: وفير | L302: هروب | M302: مؤتمر | O302: مئذنة | P302: نفسي | T302: فاعل
... A304: قاعدة | B304: مر | C304: مناخ | F304: ميدالية | G304: قفاز | H304: مطاط | I304: قتال | J304: يانسون | L304: واحة | M304: مؤسس | O304: نار | P304: نقالة | T304: فرد
A305: قافلة | B305: مرارة | C305: منخفض | F305: ميزان | G305: قفاطين | H305: مطري | I305: قدرة | L305: وادي | M305: موسوعة | O305: ناسك | P305: نقص | T305: فرق
A306: قانون | B306: مرجان | C306: منسوب | F306: ميناء | G306: قفز | H306: مظلة | I306: قرار | L306: وجبة | M306: موضوع | O306: نبي | P306: نهض | T306: فريد
A307: قائظ | B307: مرجانية | C307: منطقة | F307: ناب | G307: قفطان | H307: مظلم | I307: قرض | L307: وجهة | M307: موظف | O307: ندم | P307: نوم | T307: فسّر
A308: قبة | B308: مرساة | C308: مهلة | F308: نسر | G308: قماش | H308: معمر | I308: قطاع | L308: وصول | M308: مؤلف | O308: نذر | P308: هدأ | T308: فطري
A309: قدر | B309: مرسى | C309: موج | F309: نصب | G309: قماشية | H309: مغلق | I309: قطع | L309: وظيفة | M309: موهوب | O309: نصيحة | P309: هذيان | T309: فطنة
A310: قرية | B310: مرصد | C310: موجة | F310: نمر | G310: قمصان | H310: مفترس | I310: قلب | M310: مؤيد | O310: نعمة | P310: هرمون | T310: فعل
A311: قشرة | B311: مرفأ | C311: موسم | F311: نهر | G311: قميص | H311: مقتلع | I311: قلل | M311: نادي | O311: نكاح | P311: هستيريا | T311: فكاهة
A312: قصر | B312: مرفق | C312: موسمي | F312: هبط | G312: قميصية | H312: مقطع | I312: قنبلة | M312: ناسخ | O312: نية | P312: هضم | T312: فكر
A313: قطر | B313: مركب | C313: مياه | F313: هجرة | G313: قناع | H313: ملفوف | I313: قوة | M313: ناقش | O313: هجرة | P313: هضمية | T313: فكرة
A314: قمة | B314: مروحة | C314: ناعم | F314: هدف | G314: قوالب | H314: ممر | I314: قوي | M314: نتيجة | O314: واجب | P314: هواء | T314: فلسفة
A315: قمر | B315: مزرعة | C315: نباتات | F315: هدوء | G315: قياس | H315: مناخ | I315: قياس | M315: نجاح | O315: واعظ | P315: هيكل | T315: فلسفي
A316: قوة | B316: مزمن | C316: نجمي | F316: هز | G316: كتان | H316: منتزه | I316: قيمة | M316: نحو | O316: وتر | P316: وباء | T316: فهم
A317: كائن | B317: مساحة | C317: ندفة | F317: هواية | G317: كتانة | H317: منجل | I317: كابل | M317: ندوة | O317: وثني | P317: وبائيات | T317: فوري
A318: كتلة | B318: مسار | C318: ندى | F318: واد | G318: كتف | H318: منحدر | I318: كارثة | M318: نسخ | O318: وثنية | P318: ورم | T318: فيزيائي
A319: كثيب | B319: مسافة | C319: نسيم | F319: واضح | G319: كريب | H319: منظر | I319: كاشف | M319: نشاط | O319: وجود | P319: وريد | T319: فيلسوف
A320: كرة | B320: مستقيم | C320: نشرة | F320: وحشي | G320: كسر | H320: موز | I320: كبح | M320: نص | O320: وحي | P320: وزن | T320: قاد
A321: كسر | B321: مستنقع | C321: نموذج | F321: وزن | G321: كسرات | H321: موطن | I321: كتلة | M321: نصيحة | O321: ورع | P321: وصف | T321: قال
... A326: كوارتز | B326: مصب | C326: هدوء | F326: يانصيب | G326: كشمير | H326: نباتي | I326: كلفن | M326: نهائي | O326: يقين | P326: وقاية | T326: قضية
A327: كوخ | B327: مصرف | C327: هطول | F327: يراعة | G327: كعب | H327: نبتة | I327: كمية | M327: هندسة | O327: يهودي | T327: قطبية
...

Sheet M2
A1: ALKAMO — M2 (arabe) 20 THEMES
A3: N° | B3: THÈME | C3: MOTS
A4: 1 | B4: الأسرة والعائلة | C4: =M2_mots!A2 -> 273
A5: 2 | B5: العلاقات الإنسانية | C5: =M2_mots!B2 -> 308
A6: 3 | B6: المنزل ومرافقه | C6: =M2_mots!C2 -> 414
A7: 4 | B7: فواكه وخضر | C7: =M2_mots!D2 -> 327
A8: 5 | B8: الضيافة والكرم | C8: =M2_mots!E2 -> 135
A9: 6 | B9: الفيزياء والكيمياء | C9: =M2_mots!F2 -> 402
A10: 7 | B10: الخياطة والحياكة | C10: =M2_mots!G2 -> 358
A11: 8 | B11: العمل والمهنة | C11: =M2_mots!H2 -> 313
A12: 9 | B12: المدينة والعمران | C12: =M2_mots!I2 -> 250
A13: 10 | B13: المباني والمنشآت | C13: =M2_mots!J2 -> 231
A14: 11 | B14: النقل | C14: =M2_mots!K2 -> 244
A15: 12 | B15: الطرق والملاحة | C15: =M2_mots!L2 -> 273
A16: 13 | B16: التعليم والمدرسة | C16: =M2_mots!M2 -> 385
A17: 14 | B17: الحاسوب والإنترنت | C17: =M2_mots!N2 -> 105
A18: 15 | B18: التجارة | C18: =M2_mots!O2 -> 281
A19: 16 | B19: المؤسسات | C19: =M2_mots!P2 -> 296
A20: 17 | B20: اللغة والألفاظ | C20: =M2_mots!Q2 -> 294
A21: 18 | B21: الحساب والأرقام | C21: =M2_mots!R2 -> 250
A22: 19 | B22: الأدوات والمهن | C22: =M2_mots!S2 -> 271
A23: 20 | B23: الزمن والأوقات | C23: =M2_mots!T2 -> 333
A24: TOTAL | C24: =SUM(C4:C23) -> 5743

Sheet M2_mots
A1: الأسرة والعائلة | B1: العلاقات الإنسانية | C1: المنزل ومرافقه | D1: فواكه وخضر | E1: الضيافة والكرم | F1: الفيزياء والكيمياء | G1: الخياطة والحياكة | H1: العمل والمهنة | I1: المدينة والعمران | J1: المباني والمنشآت | K1: النقل | L1: الطرق والملاحة | M1: التعليم والمدرسة | N1: الحاسوب والإنترنت | O1: التجارة | P1: المؤسسات | Q1: اللغة والألفاظ | R1: الحساب والأرقام | S1: الأدوات والمهن | T1: الزمن والأوقات
A2: =COUNTA(A3:A5000) -> 273 | B2: =COUNTA(B3:B5000) -> 308 | C2: =COUNTA(C3:C5000) -> 414 | D2: =COUNTA(D3:D5000) -> 327 | E2: =COUNTA(E3:E5000) -> 135 | F2: =COUNTA(F3:F5000) -> 402 | G2: =COUNTA(G3:G5000) -> 358 | H2: =COUNTA(H3:H5000) -> 313 | ... T2: =COUNTA(T3:T5000) -> 333
A3: أب | B3: أب | C3: طبخ | D3: نيئة | E3: ابتسامة | F3: غليان | G3: خياطة | H3: إجازة | I3: إبداع | J3: آجر | K3: قيادة | L3: أبحر | M3: دراسي | N3: إلكتروني | O3: اتساع | P3: جامعة | Q3: عامية | R3: اثنان | S3: إبرة | T3: أبد
A4: ابن | B4: أبوي | C4: كهربائية | D4: بري | E4: إبريق | F4: كهربائي | G4: ابتكار | H4: اجتماع | I4: أثاث | J4: إدارة | K4: مروري | L4: اتجاه | M4: درجات | N4: اتصال | O4: اتفاق | P4: اتحاد | Q4: فاعل | R4: إجمالي | S4: أجر | T4: أبدا
A5: ابنة | B5: اتصال | C5: إبرة | D5: فلفل | E5: احترام | F5: موجي | G5: إبداع | H5: أجر | I5: إدارة | J5: ارتفاع | K5: ميناء | L5: اتصال | M5: أب | N5: أتمتة | O5: أجرة | P5: اتفاق | Q5: لغوي | R5: آحاد | S5: إحصائي | T5: أبدي
A6: أبوة | B6: اتفاق | C6: إبريق | D6: فواكه | E6: إحسان | F6: إبهام | G6: إبر | H6: اختصاص | I6: إدارية | J6: أرخبيل | K6: ابتكر | L6: إحداثيات | M6: ابتدائي | N6: اختبار | O6: أجل | P6: اتفاقية | Q6: مجهول | R6: احتمال | S6: اختصاص | T6: أبراج
A7: أبوي | B7: اجتماع | C7: آبنوس | D7: مجففة | E7: أدب | F7: اتجاه | G7: إبرة | H7: إدارة | I7: أرض | J7: أردواز | K7: إبرة | L7: أرخبيل | M7: ابتكر | N7: اختراق | O7: آجل | P7: اجتماعية | Q7: ابتلاع | R7: إحداثيات | S7: أداة | T7: أبريل
A8: اجتماع | B8: أحب | C8: أثاث | D8: نباتية | E8: أرز | F8: أثر | G8: اتجاه | H8: أرشيف | I8: أزقة | J8: أرضية | K8: إبلاغ | L8: إرشاد | M8: أبجدية | N8: اشتراك | O8: احتكار | P8: إحصاء | Q8: أبجدية | R8: إحصاء | S8: إزميل | T8: اتجاه
A9: أحب | B9: احترام | C9: أثّث | D9: أبيض | E9: أريكة | F9: احتراق | G9: أثواب | H9: استثمار | I9: استيطان | J9: أساس | K9: اتجاه | L9: استغاثة | M9: إبداع | N9: إشعار | O9: إدارة | P9: اختصاص | Q9: أبكم | R9: اختبار | S9: أستاذ | T9: أثري
A10: احترام | B10: أخ | C10: أثر | D10: أترج | E10: استراحة | F10: احتكاك | G10: أحذية | H10: استقالة | I10: إسفلت | J10: أسلوب | K10: اتصال | L10: استكشاف | M10: اتجاه | N10: إصدار | O10: ادخار | P10: إدارة | Q10: اتساع | R10: آخر | S10: إسكافي | T10: إجازة
A11: أخ | B11: اختلاف | C11: أجّر | D11: أحمر | E11: استقبال | F11: أحفورة | G11: أحزمة | H11: استيراد | I11: أسقفية | J11: إسمنت | K11: أثر | L11: أسر | M11: إجازة | N11: إصلاح | O11: ارتفاع | P11: إداري | Q11: إثبات | R11: أدنى | S11: اكتسب | T11: أجل
A12: أخت | B12: إخلاص | C12: أحرق | D12: إخصاب | E12: أصدقاء | F12: أحياء | G12: أحمر | H12: إعلان | I12: إسكان | J12: إصلاح | K12: إرسال | L12: أسطرلاب | M12: اجتماع | N12: إغلاق | O12: أزمة | P12: إذاعة | Q12: أجنبي | R12: أربعة | S12: آلة | T12: أجّل
A13: أخوة | B13: أخوة | C13: أداة | D13: أخضر | E13: اعتزاز | F13: اختراع | G13: اختيار | H13: اقتصاد | I13: إسمنت | J13: أصلي | K13: ازدحام | L13: أسطول | M13: اجتهاد | N13: إلغاء | O13: استثمار | P13: إرث | Q13: أخرس | R13: ارتفاع | S13: إنتاج | T13: احتفال
A14: إرث | B14: ارتباط | C14: أرض | D14: أرض | E14: إعداد | F14: اختزال | G14: أربطة | H14: إنتاج | I14: إشارة | J14: إطار | K14: أزعج | L14: إشارات | M14: احترام | N14: أمن | O14: استثمر | P14: أرشيف | Q14: أداة | R14: أس | S14: باحث | T14: أحد
... A107: دلل | B107: حوار | C107: جوهرة | D107: حلو | E107: مجاملة | F107: جاذبية | G107: خرزة | H107: وكيل | I107: شاطئي | J107: شبكة | K107: رحلة | L107: زاوية | M107: جواب | N107: وسم | O107: حوالة | P107: خيرية | Q107: حروف | R107: سهم | S107: عاطل | T107: حرارة
A108: دم | B108: حياة | C108: جير | D108: حلوة | E108: مجلس | F108: جذب | G108: خصر | H108: مساعد | I108: شبكة | J108: شجرة | K108: رحيل | L108: زقاق | M108: حاسوب | O108: حول | P108: دار | Q108: حساسية | R108: شريط | S108: عالم | T108: حركة
A109: دور | B109: خاص | C109: حاجز | D109: حلوى | E109: مجمرة | F109: جرعة | G109: خط | H109: شحاذ | I109: شرطة | J109: شرفة | K109: رخصة | L109: زورق | M109: حاشية | O109: خام | P109: دائرة | Q109: حسي | R109: شكل | S109: عامل | T109: حساب
A110: ذاكرة | B110: خبر | C110: حارس | D110: حمص | E110: محشي | F110: جزيء | G110: خفيف | H110: متسلق | I110: شرفة | J110: شريط | K110: رسالة | L110: ساحل | M110: حبر | O110: خباز | P110: دبلوماسي | Q110: حكاية | R110: شهر | S110: عتاد | T110: حقبة
A111: ذرية | B111: خجل | C111: حاسوب | D111: حمضية | E111: مخدة | F111: جسم | G111: خياط | H111: هاوٍ | I111: شريان | J111: شقة | K111: رسم | L111: سباحة | M111: حرر | O111: خدمة | P111: دفاع | Q111: حكمة | R111: شيء | S111: عداء | T111: حقيقي
A112: ذكرى | B112: خصام | C112: حانة | D112: حموضة | E112: مدعو | F112: جسيم | G112: خياطةٌ | H112: محلل | I112: صالة | J112: شكل | K112: رصيف | L112: سحيق | M112: حرف | O112: خزنة | P112: دكتور | Q112: حلاوة | R112: صحيح | S112: عدة | T112: حمل
A113: رابط | B113: خصم | C113: حاوية | D113: خبز | E113: مستضيف | F113: جلد | G113: خيال | H113: مقدم | I113: صالون | J113: شلال | K113: رفع | L113: سد | M113: حرفة | O113: خسارة | P113: دولة | Q113: حلق | R113: صريح | S113: عدسة | T113: حول
A114: ربى | B114: خلاف | C114: حبل | D114: خرشوف | E114: مسك | F114: جمجمة | G114: خيط | H114: مؤرخ | I114: صرح | J114: شمع | K114: ركب | L114: سرعة | M114: حركة | O114: خشب | P114: دولية | Q114: حلو | R114: صفر | S114: عطار | T114: حياة
A115: ربيب | B115: خيانة | C115: حجر | D115: خريف | E115: مشوي | F115: جميل | G115: خيطان | H115: قدرة | I115: صرف | J115: صالة | K115: رنة | L115: سعة | M115: حرم | O115: خصم | P115: دين | Q115: حليمة | R115: صيغة | S115: عمدة | T115: حين
A116: ربيبة | B116: خير | C116: حجز | D116: خس | E116: مصافحة | F116: جهاز | G116: خيوط | H116: حكم | I116: صناعية | J116: صرف | K116: رواية | L116: سفر | M116: حساب | O116: دائرة | P116: دينية | Q116: حموضة | R116: ضرب | S116: فارس | T116: حيوية
A117: رحم | B117: داخل | C117: حديقة | D117: خضار | E117: مضيف | F117: جهد | G117: دانتيل | H117: خازن | I117: صيانة | J117: صندوق | K117: زورق | L117: سفينة | M117: حسب | O117: دائن | P117: ديوان | Q117: حنجرة | R117: ضعف | S117: فأس | T117: خالد
A118: رضاعة | B118: داعب | C118: حرم | D118: خضر | E118: مطبوخ | F118: جول | G118: دبابيس | H118: مساح | I118: ضاحية | J118: صورة | K118: ساحلي | L118: سكة | M118: حصة | O118: دخل | P118: رابطة | Q118: حوار | R118: ضلع | S118: فرشاة | T118: خروج
A119: رضيع | B119: دائرة | C119: حريق | D119: خضروات | E119: معارف | F119: جير | G119: دبس | H119: فنان | I119: ضجيج | J119: صومعة | K119: ساخن | L119: سلح | M119: حصيلة | O119: درهم | P119: راتب | Q119: خاص | R119: طبيعي | S119: فلاح | T119: خريف
... A137: شجرة | B137: رفقة | C137: خشبيات | D137: ريحان | E137: وليمة | F137: دائرة | G137: زبائن | H137: بديل | I137: فرع | J137: غاز | K137: شرح | L137: شمال | M137: داخلي | O137: رقابة | P137: سوق | Q137: روى | R137: فارق | S137: قيّم | T137: ربيع
A138: شرنقة | B138: رفيق | C138: خفيف | D138: زائفة | F138: دخان | G138: زبون | H138: مصارع | I138: فضاء | J138: فرن | K138: شركة | L138: صابورة | M138: دخول | O138: رواج | P138: سياسة | Q138: ريق | R138: فاصلة | S138: كاتب | T138: رذاذ
A139: شعار | B139: زائر | C139: خلاط | D139: زبادي | F139: دراسة | G139: زخارف | H139: رقيب | I139: فن | J139: فضاء | K139: صاروخ | L139: صاري | M139: دراسة | O139: زبائن | P139: شباك | Q139: ساكن | R139: فرد | S139: كاهن | T139: رسمي
A140: شيخوخة | B140: زمالة | C140: خيط | D140: زبدة | F140: درجة | G140: زخرفة | H140: مغني | I140: فناء | J140: فضة | K140: صيف | L140: صدفة | M140: درجة | O140: زبون | P140: شبكة | Q140: سبب | R140: فردي | S140: كماشة | T140: رطب
A141: صالون | B141: زميل | C141: داخل | D141: زبيب | F141: دفع | G141: زر | H141: لحام | I141: فنان | J141: فكرة | K141: ضاحية | L141: صعود | M141: درس | O141: زراعة | P141: شراكة | Q141: سجل | R141: فرصة | S141: كهربائي | T141: رقم
A142: صبر | B142: زواج | C142: داخلي | D142: زراعة | F142: دقيقة | G142: زي | H142: نجار | I142: فندق | J142: فن | K142: طاقم | L142: صندل | M142: درّس | O142: زراعي | P142: شرطة | Q142: سرد | R142: فرق | S142: كيميائي | T142: رمضان
A143: صداقة | B143: زوج | C143: دار | D143: زرع | F143: دم | G143: زين | H143: صياد | I143: فيلا | J143: فناء | K143: طائرة | L143: صندوق | M143: دعم | O143: سجل | P143: شرعية | Q143: سكون | R143: فضاء | S143: لحام | T143: رن
A144: صديق | B144: زوجان | C144: داكن | D144: زعتر | F144: دماغ | G144: زينة | H144: سائق | I144: قاعة | J144: فندق | K144: طراد | L144: ضاعف | M144: دفتر | O144: سحب | P144: شركة | Q144: سمعي | R144: فئة | S144: لوجستي | T144: ريح
A145: صديقة | B145: زوجة | C145: دبوس | D145: زعرور | F145: دوران | G145: ساتان | H145: باحث | I145: قبة | J145: فولاذ | K145: طرد | L145: ضباب | M145: دكتوراه | O145: سعر | P145: شريك | Q145: سؤال | R145: قاس | S145: مبتكر | T145: زامن
A146: صغرى | B146: زوجي | C146: درجة | D146: زعفران | F146: دورق | G146: ساق | H146: كيميائي | I146: قرار | J146: فيلا | K146: طريق | L146: ضفة | M146: دليل | O146: سقوط | P146: شعبي | Q146: سياق | R146: قاسم | S146: مبدع | T146: زائل
A147: صلة | B147: زيارة | C147: دش | D147: زهرة | F147: دينامومتر | G147: ستائر | H147: جراح | I147: قرية | J147: قاعة | K147: طوف | L147: طارد | M147: دمج | O147: سلسلة | P147: شهادة | Q147: شاوية | R147: قاعدة | S147: مبرد | T147: زمان
A148: صهر | B148: سامح | C148: دلو | D148: زيت | F148: ذراع | G148: سترات | H148: عاطل | I148: قصبة | J148: قاعدة | K148: طيار | L148: طاقم | M148: دورة | O148: سلعة | P148: صحي | Q148: شتيمة | R148: قدّر | S148: مبرمج | T148: زمانية
A149: ضحى | B149: سر | C149: دولاب | D149: زيتون | F149: ذري | G149: سترة | H149: منشد | I149: قصر | J149: قبة | K149: عام | L149: طائرة | M149: ديوان | O149: سمسار | P149: صحية | Q149: شدة | R149: قرّب | S149: متدرب | T149: زمن
... A233: مناسبة | B233: كراهية | C233: عشوائية | D233: قطن | F233: غرام | G233: قصاصات | H233: موسيقي | I233: نافذة | J233: وسادة | K233: نفق | L233: مغادرة | M233: فهم | O233: مساومة | P233: مسرح | Q233: مالح | R233: مئة | S233: مناوبة | T233: قمر
A234: منزل | B234: كرسي | C234: عصري | D234: قفة | F234: فخذ | G234: قصاصة | H234: ملاح | I234: نافورة | K234: نقالة | L234: مغامرة | M234: قارئ | O234: مستهلك | P234: مسؤول | Q234: ماليزية | R234: ميزان | S234: منتج | T234: قمري
A235: مهاجر | B235: كلام | C235: عقاري | D235: قلم | F235: فراغ | G235: قصة | H235: موثق | I235: نزوح | K235: نقل | L235: مفترق | M235: قاس | O235: مستودع | P235: مشروع | Q235: متجانس | R235: مئوية | S235: منجل | T235: قوي
A236: مهد | B236: كنة | C236: عليّة | D236: قمح | F236: فرضية | G236: قطع | H236: ضابط | I236: نصب | K236: هروب | L236: مقترب | M236: قاعة | O236: مشتر | P236: مصرف | Q236: متحدث | R236: نتيجة | S236: منخل | T236: قياس
A237: مهر | B237: لغة | C237: عمارة | D237: قنب | F237: فضة | G237: قطن | H237: منظم | I237: نظافة | K237: هواء | L237: مقصد | M237: قاموس | O237: مشترٍ | P237: مصرفية | Q237: مثل | R237: نجمة | S237: مندوب | T237: قيلولة
A238: مودة | B238: لقاء | C238: عمود | D238: قوام | F238: فعل | G238: قطنية | H238: عطار | I238: نفايات | K238: هويس | L238: مقصورة | M238: قائمة | O238: مشتريات | P238: مصلحة | Q238: مثنى | R238: نسبة | S238: منسق | T238: كآبة
A239: موروث | B239: لقب | C239: غاز | D239: قياس | F239: فكرة | G239: قفاز | H239: موظفون | I239: نفق | K239: هيكل | L239: مقود | M239: قبول | O239: مصرف | P239: مصنع | Q239: مجاز | R239: نصف | S239: منشار | T239: كبيسة
A240: مولود | B240: لمس | C240: غبار | D240: قيقب | F240: فلز | G240: قفاطين | H240: صيدلي | I240: نمو | K240: واسع | L240: ملاح | M240: قدرة | O240: مصرفي | P240: مطار | Q240: مجرية | R240: نقطة | S240: منشد | T240: كرّس
A241: ميراث | B241: ماء | C241: غذاء | D241: كاجو | F241: فلور | G241: قفطان | H241: فيزيائي | I241: هدم | K241: وثيقة | L241: ملاحة | M241: قرأ | O241: مصروف | P241: معارضة | Q241: محادثة | R241: نمط | S241: منظار | T241: كوكبة
A242: ميزانية | B242: مأساة | C242: غرف | D242: كأس | F242: فم | G242: قماش | H242: طيار | I242: هدوء | K242: وجهة | L242: ممر | M242: قراءة | O242: مصنع | P242: معاش | Q242: مد | R242: نهاية | S242: منظم | T242: كون
A243: ميلاد | B243: مال | C243: غرفة | D243: كاكاو | F243: فوسفور | G243: قماشية | H243: سباك | I243: هلال | K243: وزن | L243: منارة | M243: قسم | O243: معاملة | P243: معهد | Q243: مذاق | R243: هرم | S243: منفذ | T243: كوني
A244: ناتج | B244: مألوف | C244: غسالة | D244: كاكي | F244: فولاذ | G244: قمصان | H244: شاعر | I244: هندسة | K244: وصول | L244: منبع | M244: قصة | O244: معرض | P244: مفاوضات | Q244: مذكر | R244: هندسة | S244: مهنة | T244: كيلومتر
A245: ناضل | B245: متتالية | C245: غسيل | D245: كائنات | F245: فولت | G245: قميص | H245: شرطي | I245: هواء | K245: وقود | L245: منحدر | M245: قلم | O245: مفترق | P245: مفتش | Q245: مر | R245: واحد | S245: مهندس | T245: كئيب
A246: نافذة | B246: متواضع | C246: غطاء | D246: كراث | F246: فئة | G246: قميصية | H246: مذيع | I246: هيأ | K246: يخت | L246: منحنى | M246: قواعد | O246: مقر | P246: مقاطعة | Q246: مرارة | R246: واضح | S246: موثق | T246: لاحق
A247: نبيل | B247: متوفى | C247: غلاية | D247: كرز | F247: فيزياء | G247: قوالب | H247: كاهن | I247: واجهة | L247: منضدة | M247: قيادة | O247: مكتب | P247: مقر | Q247: مرونة | R247: وتر | S247: مؤرخ | T247: لانهائي
A248: نسب | B248: مثال | C248: فاخر | D248: كرزي | F248: قادر | G248: قياس | H248: أستاذ | I248: وثيقة | L248: منطاد | M248: قيّم | O248: مكسب | P248: مكتب | Q248: مستوى | R248: وجه | S248: موزع | T248: لحظة
A249: نسل | B249: مجال | C249: فتاحة | D249: كرفس | F249: قار | G249: كتان | H249: مبرمج | I249: ورشة | L249: منطقة | M249: كاتب | O249: ملف | P249: مكتبة | Q249: مشترك | R249: وحدة | S249: موسيقي | T249: لحق
A250: نسيب | B250: مجاملة | C250: فتحة | D250: كركند | F250: قارورة | G250: كتانة | H250: دعائي | I250: وزارة | L250: منعطف | M250: كتاب | O250: ملك | P250: ملف | Q250: مص | R250: وزن | S250: مؤشر | T250: ليل
A251: نفقة | B251: مجموعة | C251: فخار | D251: كرمة | F251: قاعدة | G251: كتف | H251: محرر | I251: وسط | L251: موج | M251: كتابة | O251: ممتلكات | P251: ملك | Q251: مصدر | R251: وسط | S251: موظف | T251: ليلة
A252: نوع | B252: محبة | C252: فخامة | D252: كرنب | F252: قانون | G252: كريب | H252: بائع | I252: ولاية | L252: موقع | M252: كتب | O252: منافس | P252: ملكة | Q252: مصطلح | R252: يوم | S252: موظفون | T252: مارس
A253: هدهد | B253: محيط | C253: فراش | D253: كزبرة | F253: قدرة | G253: كسر | H253: قابلة | L253: موقف | M253: كتيب | O253: منافسة | P253: ملكية | Q253: مصطلحات | S253: مؤلف | T253: ماض
A254: هوية | B254: مخاطبة | C254: فردي | D254: كستناء | F254: قدم | G254: كسرات | H254: عالم | L254: ميل | M254: كرة | O254: مناقصة | P254: ممثل | Q254: مضارع | S254: ميزان | T254: ماضٍ
A255: وارث | B255: مدرسة | C255: فرشاة | D255: كشمش | F255: قرص | G255: كسوة | H255: نحات | L255: ميناء | M255: كرتون | O255: منتج | P255: مملكة | Q255: مضغ | S255: ميكانيكي | T255: ماضي
A256: والد | B256: مربي | C256: فرن | D256: كعكة | F256: قزم | G256: كشتبان | H256: سكرتير | L256: نزح | M256: كرر | O256: منضدة | P256: منتخب | Q256: معجم | S256: نادل | T256: ماطل
A257: والدة | B257: مساعدة | C257: فسيح | D257: كمأة | F257: قشرة | G257: كشتبانات | H257: نادل | L257: نزهة | M257: كسول | O257: منفذ | P257: منتدى | Q257: معرفة | S257: ناشر | T257: مايو
A258: والدي | B258: مسكن | C258: فضيات | D258: كمثرى | F258: قصير | G258: كشكشة | H258: جندي | L258: نزول | M258: كلمة | O258: مهلة | P258: منتسب | Q258: معنى | S258: ناشط | T258: مباشر
A259: وحّد | B259: مشاركة | C259: فكّك | D259: كمون | F259: قطب | G259: كشمير | H259: إحصائي | L259: نسخة | M259: كلية | O259: مودع | P259: منحة | Q259: مفرد | S259: ناقد | T259: مبكر
A260: وحيد | B260: مشترك | C260: فناء | D260: كمية | F260: قلب | G260: كعب | H260: مفروشاتي | L260: نسيم | M260: كوّن | O260: مورد | P260: مندوب | Q260: مفهوم | S260: نائب | T260: مبكرا
A261: ودي | B261: مشورة | C261: فندق | D261: كوسا | F261: قلم | G261: كم | H261: فني | L261: نفق | M261: كيمياء | O261: مؤسسة | P261: منزل | Q261: مقال | S261: نجار | T261: متأخر
A262: وراثة | B262: مشيج | C262: فندقة | D262: كوسة | F262: قلوي | G262: كنزات | H262: مترجم | L262: هبط | M262: لاحظ | O262: موظف | P262: منطقة | Q262: مقطع | S262: نحات | T262: متأخرا
A263: وراثي | B263: مصالحة | C263: فيلا | D263: كيوي | F263: قنديلة | G263: كنزة | H263: بيطري | L263: هبوط | M263: لباس | O263: ميزان | P263: منظمة | Q263: ملوحة | S263: نحال | T263: متزامن
A264: ورث | B264: مطبخ | C264: قاعة | D264: لب | F264: قوة | G264: كواليس | H264: فيلسوف | L264: هدوء | M264: لخص | O264: ميزانية | P264: منفعة | Q264: مناقشة | S264: نساج | T264: متغير
... A273: وليد | B273: مهاجر | C273: قصر | D273: ليمون | F273: كالسيوم | G273: مبدع | H273: مفكر | L273: يخت | M273: متوسط | O273: نقد | P273: ميثاق | Q273: نداء | S273: وكيل | T273: مدة
A274: يتيم | B274: مهد | C274: قفل | D274: لين | F274: كبريت | G274: مبدعة | H274: مصلح | L274: يسار | M274: مجلة | O274: نقود | P274: ميزانية | Q274: نرويجية | T274: مدد
A275: يتيمة | B275: مهر | C275: قماش | D275: ماء | F275: كبير | G275: متجر | H275: مبتكر | L275: يمين | M275: مجلد | O275: هامش | P275: ميناء | Q275: نص | T275: مر
B276: مواطن | C276: قمامة | D276: مانجو | F276: كتلة | G276: متر | H276: رائد | M276: مجموعة | O276: وثيقة | P276: ناخب | Q276: نطق | T276: مرة
B277: موافقة | C277: كأس | D277: مبيدات | F277: كثافة | G277: متقاطع | H277: مقيم | M277: محاضرة | O277: وديعة | P277: نادي | Q277: نطقي | T277: مرحلة
B278: موروث | C278: كتلة | D278: مبيض | F278: كثيف | G278: متناسق | H278: محكم | M278: محبرة | O278: وزن | P278: نائب | Q278: نعومة | T278: مرور
B279: ميزانية | C279: كرة | D279: مثمر | F279: كحول | G279: مجد | H279: مروج | M279: محتوى | O279: وسيط | P279: نخبة | Q279: نفي | T279: مزمن
B280: ناتج | C280: كرسي | D280: مجفف | F280: كربون | G280: مجمع | H280: مسوق | M280: محرر | O280: وفرة | P280: نظام | Q280: نقاش | T280: مساء
B281: ناضل | C281: كسوة | D281: مجمدة | F281: كربونات | G281: مجموعة | H281: مخطط | M281: مختبر | O281: وكالة | P281: نقابة | Q281: نكرة | T281: مسار
B282: نافذة | C282: كشك | D282: محار | F282: كرة | G282: محبوك | H282: منفذ | M282: مخطط | O282: وكيل | P282: نقل | Q282: نكهة | T282: مسافة
B283: نبيل | C283: كنس | D283: محصول | F283: كروم | G283: محيط | H283: متعاقد | M283: مخطوط | O283: يورو | P283: نيابة | Q283: نهاية | T283: مستقبل
B284: نزاع | C284: كهرباء | D284: مذاق | F284: كلسي | G284: مخمل | H284: مشتري | M284: مخطوطة | P284: هوية | Q284: نهي | T284: مستمر
B285: نسب | C285: كهف | D285: مر | F285: كلور | G285: مدخل | H285: متطوع | M285: مدرب | P285: هيئة | Q285: هجاء | T285: مشمس
B286: نصيحة | C286: كوب | D286: مربى | F286: كلية | G286: مدرج | H286: ناشط | M286: مدرس | P286: والي | Q286: همزة | T286: مصطلح
B287: نقاش | C287: كوخ | D287: مرج | F287: كمية | G287: مدور | H287: زعيم | M287: مدرسة | P287: وثيقة | Q287: همس | T287: مصيري
B288: نقد | C288: لافتة | D288: مركبة | F288: كهرباء | G288: مربع | H288: حاكم | M288: مدرسي | P288: ورشة | Q288: هندية | T288: مطر
B289: نوع | C289: لوحة | D289: مزارع | F289: كوري | G289: مرتدي | H289: سفير | M289: مدير | P289: وزارة | Q289: واو | T289: مطلق
B290: هدهد | C290: ماء | D290: مزرعة | F290: كيلوغرام | G290: مرسوم | H290: أميرال | M290: مدينة | P290: وزير | Q290: وزن | T290: معاصر
B291: هوية | C291: ماهر | D291: مشتل | F291: كيلومتر | G291: مزدوج | H291: عريف | M291: مذهب | P291: وضع | Q291: وصف | T291: مفهوم
B292: وارث | C292: ماهوغاني | D292: مشمش | F292: كيمياء | G292: مزين | H292: عقيد | M292: مراجعة | P292: وطنية | Q292: وصل | T292: مكان
B293: والد | C293: مأوى | D293: مطبخ | F293: كيميائي | G293: مساعد | H293: معلق | M293: مربي | P293: وظيفة | Q293: وضوح | T293: ممطر
B294: والدي | C294: مبرد | D294: مطر | F294: لاشكلي | G294: مسطرة | H294: نظافة | M294: مرجع | P294: وقف | Q294: ياء | T294: مناخ
B295: وحّد | C295: مبشرة | D295: مفضل | F295: لافلز | G295: مسلة | H295: وهم | M295: مركز | P295: وكالة | Q295: يابانية | T295: مناسب
B296: ود | C296: مبنى | D296: مكسرات | F296: لتر | G296: مسودة | H296: مشعوذ | M296: مسابقة | P296: وكيل | Q296: يونانية | T296: مناسبة
B297: ودي | C297: متاخم | D297: ملح | F297: لزوجة | G297: مشابك | H297: لغوي | M297: مسار | P297: ولاية | T297: منتصف
B298: وراثة | C298: متجر | D298: ملفوف | F298: لمع | G298: مشبك | H298: ميكانيكا | M298: مستوى | P298: ولائي | T298: منتظم
B299: وراثي | C299: متحرك | D299: منتج | F299: لهب | G299: مشد | H299: طحان | M299: مسرحية | T299: منح
B300: ورث | C300: مترنح | D300: موز | F300: لوحة | G300: مشغل | H300: وزارة | M300: مسطرة | T300: منظم
...

Sheet M3
A1: ALKAMO — M3 (arabe) 20THEMES
A3: N° | B3: THÈME | C3: MOTS
A4: 1 | B4: الطيور | C4: =M3_mots!A2 -> 232
A5: 2 | B5: الفضاء والكون | C5: =M3_mots!B2 -> 264
A6: 3 | B6: التخطيط العمراني | C6: =M3_mots!C2 -> 201
A7: 4 | B7: وقاية وأمن | C7: =M3_mots!D2 -> 186
A8: 5 | B8: الأوزان والمقاييس | C8: =M3_mots!E2 -> 201
A9: 6 | B9: الرياضة والألعاب | C9: =M3_mots!F2 -> 420
A10: 7 | B10: الأدب و الشعر | C10: =M3_mots!G2 -> 333
A11: 8 | B11: علم الأحياء | C11: =M3_mots!H2 -> 165
A12: 9 | B12: التاريخ | C12: =M3_mots!I2 -> 309
A13: 10 | B13: الشخصية والسلوك | C13: =M3_mots!J2 -> 396
A14: 11 | B14: المال والاقتصاد | C14: =M3_mots!K2 -> 272
A15: 12 | B15: الإدارة | C15: =M3_mots!L2 -> 285
A16: 13 | B16: الجبال والصحراء | C16: =M3_mots!M2 -> 382
A17: 14 | B17: الزراعة والفلاحة | C17: =M3_mots!N2 -> 262
A18: 15 | B18: علم الاجتماع | C18: =M3_mots!O2 -> 265
A19: 16 | B19: العلوم التقنية | C19: =M3_mots!P2 -> 124
A20: 17 | B20: التغذية وعلم الحمية | C20: =M3_mots!Q2 -> 123
A21: 18 | B21: الحرب والقتال | C21: =M3_mots!R2 -> 327
A22: 19 | B22: الصوت والضوء | C22: =M3_mots!S2 -> 133
A23: 20 | B23: العدالة والقانون | C23: =M3_mots!T2 -> 388
A24: TOTAL | C24: =SUM(C4:C23) -> 5268

Sheet M3_mots
A1: الطيور | B1: الفضاء والكون | C1: التخطيط العمراني | D1: وقاية وأمن | E1: الأوزان والمقاييس | F1: الرياضة والألعاب | G1: الأدب و الشعر | H1: علم الأحياء | I1: التاريخ | J1: الشخصية والسلوك | K1: المال والاقتصاد | L1: الإدارة | M1: الجبال والصحراء | N1: الزراعة والفلاحة | O1: علم الاجتماع | P1: العلوم التقنية | Q1: التغذية وعلم الحمية | R1: الحرب والقتال | S1: الصوت والضوء | T1: العدالة والقانون
A2: =COUNTA(A3:A5000) -> 232 | B2: =COUNTA(B3:B5000) -> 264 | C2: =COUNTA(C3:C5000) -> 201 | D2: =COUNTA(D3:D5000) -> 186 | E2: =COUNTA(E3:E5000) -> 201 | F2: =COUNTA(F3:F5000) -> 420 | G2: =COUNTA(G3:G5000) -> 333 | H2: =COUNTA(H3:H5000) -> 165 | ... T2: =COUNTA(T3:T5000) -> 388
A3: أبوي | B3: تبانة | C3: إبداع | D3: إسعافات | E3: أثقال | F3: سلة | G3: إبداع | H3: اتزان | I3: اتفاق | J3: ابتكار | K3: صرف | L3: إداري | M3: أبعد | N3: تربة | O3: ميداني | P3: إلكتروني | Q3: غذائية | R3: حربي | S3: أبيض | T3: توقيف
A4: ارتفاع | B4: جاذبية | C4: أثاث | D4: إسفنجة | E4: أثلاث | F4: قدم | G4: أبواب | H4: أحفورة | I4: أثر | J4: إبداع | K4: صعبة | L4: إبراء | M4: اتجاه | N4: حصاد | O4: ابتكار | P4: تشغيل | Q4: نباتي | R4: سلام | S4: أحمر | T4: شرطة
A5: ازدهار | B5: فلكية | C5: إدارة | D5: أسنان | E5: أحجام | F5: ابتكر | G5: أحداث | H5: إخصاب | I5: احتلال | J5: إجابة | K5: إبراء | L5: اتصال | M5: اتساع | N5: بور | O5: إبداع | P5: معلوماتي | Q5: أخصائي | R5: إبادة | S5: أخضر | T5: قضائية
A6: إسطبل | B6: زحل | C6: أرض | D6: إشارة | E6: أداة | F6: اتحاد | G6: إحساس | H6: استقلاب | I6: اختراع | J6: اجتماعي | K6: اتساع | L6: اتفاق | M6: أتون | N6: حشري | O6: اجتماعي | P6: ابتكار | Q6: أرز | R6: اتحاد | S6: إذاعة | T6: ابتزاز
A7: أشقر | B7: شمسية | C7: إسفلت | D7: إصابة | E7: أدوات | F7: اجتماعي | G7: إحيائي | H7: استنساخ | I7: آخر | J7: اجتهاد | K7: اتفاقية | L7: إجازة | M7: أثر | N7: زراعي | O7: احتجاج | P7: اتصال | Q7: استقلاب | R7: اتفاق | S7: أذن | T7: إبراء
A8: أصفر | B8: صاروخ | C8: أسقفية | D8: إصلاح | E8: أذرع | F8: أجواء | G8: أدب | H8: أعصاب | I8: أدب | J8: إحباط | K8: أجر | L8: اجتماع | M8: أخضر | N8: زراعية | O8: احترام | P8: أتمتة | Q8: اعتدال | R8: احتكاك | S8: أزرق | T8: أبرم
A9: افتراس | B9: صناعي | C9: إسمنت | D9: إضاءة | E9: أرباع | F9: احتفال | G9: أدبي | H9: افتراس | I9: أرشيف | J9: احترام | K9: أجرة | L9: إجراء | M9: ارتفاع | N9: زغبي | O9: احتقار | P9: اختراع | Q9: إفراط | R9: احتلال | S9: استماع | T9: أبلغ
A10: إقلاع | B10: فضاء | C10: إشارة | D10: إطفاء | E10: ارتفاع | F10: أحجية | G10: أديب | H10: إفراز | I10: أرض | J10: احتقار | K10: أجل | L10: احتفال | M10: أرض | N10: عضوية | O10: إحصاء | P10: أداة | Q10: إفطار | R10: احتياط | S10: أسود | T10: اتفاق
A11: أقلع | B11: فضائية | C11: إضاءة | D11: آلة | E11: أرطال | F11: أحيا | G11: ارتجال | H11: اكتشاف | I11: ازدهار | J11: أحمق | K11: احتكار | L11: إحصاء | M11: إزهار | N11: نباتية | O11: أخلاق | P11: استشعار | Q11: أكل | R11: أحرق | S11: أصفر | T11: اتهام
A12: ديك | B12: فلكي | C12: إطار | D12: أمان | E12: أزمنة | F12: اختبار | G12: أرجوزة | H12: أكسجين | I12: أزمة | J12: اختيار | K12: احتياطي | L12: أحياء | M12: استقرار | N12: إثمار | O12: إرث | P12: إشارة | Q12: ألياف | R12: اختراق | S12: إضاءة | T12: اتهم
A13: أليف | B13: أثر | C13: إقامة | D13: إنذار | E13: أسابيع | F13: اختراع | G13: استعارة | H13: ألياف | I13: استعمار | J13: إخلاص | K13: إدارة | L13: اختصار | M13: استيطان | N13: أدغال | O13: أرشفة | P13: إصلاح | Q13: امتصاص | R13: إخلاء | S13: امتصاص | T13: إثبات
A14: أملس | B14: إحداثيات | C14: إقليمي | D14: أنف | E14: أسبوع | F14: اخترع | G14: أسطورة | H14: امتصاص | I14: استقلال | J14: إدراك | K14: ادخار | L14: اختيار | M14: أسطرلاب | N14: أرز | O14: ازدراء | P14: اكتشاف | Q14: إنزيم | R14: أرض | S14: انتشار | T14: أثبت
... A125: شرفة | B125: دراسة | C125: قلعة | D125: قناع | E125: قنطار | F125: خادم | G125: ديوان | H125: كربون | I125: راية | J125: حازم | K125: رأسمال | L125: رقابة | M125: داخل | N125: راعي | O125: دولة | P125: واقع | Q125: وزن | R125: درك | S125: نهار | T125: تنفيذ
A126: شعر | B126: درب | C126: قناة | D126: قواعد | E126: قوارير | F126: خبر | G126: راو | H126: كربوهيدرات | I126: رحلة | J126: حب | K126: ربح | L126: رئيس | M126: دائم | N126: رطوبة | O126: دين | P126: وزن | R126: دعم | S126: نور | T126: تهمة
A127: شوك | B127: دفق | C127: قوس | D127: كاشف | E127: قياس | F127: خبرة | G127: راوي | H127: كريات | I127: رحيل | J127: حدسي | K127: رسم | L127: زبائن | M127: دخان | N127: رعي | O127: رأسمالية | R127: دفاع | S127: هاتف | T127: توجيه
A128: صحراء | B128: دليل | C128: كازينو | D128: كسر | E128: كأس | F128: خداع | G128: راوية | H128: كلية | I128: رسالة | J128: حديث | K128: رسوم | L128: زراعي | M128: درب | N128: ركيزة | O128: رأي | R128: دم | S128: هالة | T128: ثقة
A129: صرخة | B129: ذرة | C129: كتلة | D129: كلور | E129: كبير | F129: خدعة | G129: رأي | H129: لحاء | I129: رسم | J129: حذر | K129: رصيد | L129: ساحة | M129: درج | N129: رمان | O129: رحمة | R129: دين | S129: هدوء | T129: جدارة
A130: صغار | B130: رائد | C130: كثافة | D130: كمامة | E130: كتل | F130: خدم | G130: ربع | H130: لقاح | I130: رسول | J130: حزم | K130: رفاهية | L130: سباق | M130: درجات | N130: رمل | O130: رذيلة | R130: ذخيرة | S130: هدير | T130: جرم
A131: صغير | B131: ربع | C131: كثيف | D131: كهرباء | E131: كتلة | F131: خدمة | G131: رثاء | H131: ماء | I131: رق | J131: حزن | K131: رقابة | L131: سجل | M131: دليل | N131: روث | O131: رسمية | R131: رادار | S131: همس | T131: جريمة
A132: صقر | B132: رصد | C132: كنيسة | D132: لحام | E132: كثافة | F132: خسارة | G132: رحيل | H132: مبيض | I132: تنقيب | J132: حساس | K132: رقعة | L132: سفارة | M132: دوار | N132: روضة | O132: رفاق | R132: رامٍ | S132: همهمة | T132: جزاء
A133: صوت | B133: زاوية | C133: كورنيش | D133: لهب | E133: كلفن | F133: خسر | G133: رسالة | H133: مجهر | I133: رمح | J133: حسد | K133: رقمي | L133: سكرتير | M133: دير | N133: ري | O133: رمز | R133: راية | S133: وتر | T133: جلسة
A134: صوف | B134: سحابة | C134: لافتة | D134: لوائح | E134: كميات | F134: خشب | G134: رسائل | H134: مختبر | I134: رواية | J134: حسن | K134: ركود | L134: سلسلة | M134: ذئب | N134: ريف | O134: ريف | R134: رائد | S134: وميض | T134: جناية
A135: صياح | B135: سحر | C135: لائحة | D135: ماء | E135: كمية | F135: خصم | G135: رف | H135: مرض | I135: رئيس | J135: حسود | K135: رهان | L135: سلطة | M135: راحل | N135: زبل | O135: زملاء | R135: رتبة | S135: وهج | T135: جنائي
A136: صياد | B136: سديم | C136: لباقة | D136: مبيد | E136: كوب | F136: خط | G136: رقة | H136: مستضد | I136: زراعة | J136: حقد | K136: رهن | L136: سلّم | M136: راكب | N136: زراعة | O136: زواج | R136: رجل | T136: جنحة
A137: صيد | B137: سراب | C137: ماء | D137: مجاري | E137: كؤوس | F137: خطأ | G137: رمز | H137: مشيمة | I137: زعيم | J137: حكمة | K137: ريادة | L137: سلوك | M137: ربوة | N137: زرع | O137: سكان | R137: رصاص | T137: حادث
A138: طار | B138: سرعة | C138: مأوى | D138: مجرى | E138: كيل | F138: خطة | G138: رمزي | H138: مصاب | I138: زمن | J138: حكيم | K138: زبون | L138: سمح | M138: رحلة | N138: زهرة | O138: سكن | R138: رقيب | T138: حارس
A139: طاووس | B139: سفينة | C139: مبادل | D139: مجمد | E139: كيلة | F139: خطر | G139: رموز | H139: مصل | I139: سابق | J139: حليم | K139: زراعي | L139: شرط | M139: رشيق | N139: زيتون | O139: سلام | R139: رمح | T139: حبس
A140: طائر | B140: سماوي | C140: مبنى | D140: مخاطر | E140: كيلو | F140: خطط | G140: رواة | H140: معدة | I140: ساحل | J140: حماس | K140: سبيكة | L140: شريك | M140: رطب | N140: ساق | O140: سلطة | R140: رهان | T140: حجز
A141: طنان | B141: سمت | C141: مبني | D141: مخبر | E141: كيلوغرام | F141: خطوة | G141: رواية | H141: معدن | I141: سجل | J141: حماية | K141: سعر | L141: شغل | M141: رعد | N141: سقاية | O141: سلمية | R141: رهينة | T141: حدد
A142: طنانة | B142: سنة | C142: متحف | D142: مخرج | E142: كيلومتر | F142: خوذة | G142: روائي | H142: مكتسب | I142: سجن | J142: حنان | K142: سقوط | L142: شكاية | M142: رعوي | N142: سقي | O142: سلوك | R142: زي | T142: حدود
A143: طوقان | B143: شرط | C143: مجال | D143: مخلفات | E143: كيلومترات | F143: دائرة | G143: رومانسي | H143: ملاحظة | I143: سجين | J143: حنكة | K143: سلعة | L143: شكوى | M143: رفع | N143: سلالة | O143: سياسة | R143: سبب | T143: حراسة
A144: طير | B144: شروق | C144: مجمع | D144: مراقبة | E144: لتر | F144: دخول | G144: رويّ | H144: مملكة | I144: سر | J144: حنين | K144: سمسار | L144: شهادة | M144: رق | N144: سماد | O144: سياق | R144: سجن | T144: حرية
A145: طيران | B145: شعار | C145: محطة | D145: مرحاض | E145: لترات | F145: دراج | G145: زحاف | H145: مناعة | I145: سفير | J145: حوار | K145: سمسرة | L145: شيك | M145: ركام | N145: سنبلة | O145: سيطرة | R145: سجين | T145: حزم
A146: طين | B146: شعب | C146: محلي | D146: مرش | E146: لحظات | F146: دراجات | G146: زهد | H146: موت | I146: سقوط | J146: حياء | K146: سنتيم | L146: صادق | M146: ركض | N146: سوق | O146: شباب | R146: سرب | T146: حصانة
A147: عائلة | B147: شمال | C147: محيط | D147: مرشح | E147: لحظة | F147: درب | G147: سبب | H147: موطن | I147: سكان | J147: حيرة | K147: سند | L147: صلاحية | M147: رمل | N147: سياج | O147: شذوذ | R147: سرعة | T147: حصّل
... A167: فراشة | B167: عينة | C167: مقاطعة | D167: ممنوع | E167: معدل | F167: رشاقة | G167: صرف | H167: يود | I167: صانع | J167: ذم | K167: طاقة | L167: فرع | M167: سماء | N167: عدس | O167: ظلم | R167: صادق | T167: درك
A168: فرخ | B168: غاز | C168: مقبرة | D168: مناديل | E168: معدلات | F168: رغبي | G168: صفات | I168: صداقة | J168: راحة | K168: طلب | L168: فقرة | M168: سماكة | N168: عرض | O168: عادات | R168: صاروخ | T168: دستور
A169: فرع | B169: غد | C169: مقعد | D169: منشفة | E169: معيار | F169: رفض | G169: صفة | I169: صغير | J169: رحمة | K169: عامل | L169: فوض | M169: سماوي | N169: عزيق | O169: عادة | R169: صاعق | T169: دعوى
A170: فرو | B170: فارق | C170: مقهى | D170: منظف | E170: مقادير | F170: رقص | G170: صفحات | I170: صلح | J170: رد | K170: عائد | L170: فوضى | M170: سموم | N170: عصارة | O170: عار | R170: صدام | T170: دفاع
A171: فريسة | B171: فانٍ | C171: مكان | D171: مهنة | E171: مقاييس | F171: رقعة | G171: صفحة | I171: ضريبة | J171: رذيلة | K171: عبء | L171: فئة | M171: سهب | N171: عضوي | O171: عام | R171: صدمة | T171: دليل
A172: فقس | B172: فائدة | C172: مكب | D172: مياه | E172: مقدار | F172: رقم | G172: صوت | I172: طبقة | J172: رضا | K172: عجز | L172: قانون | M172: سهل | N172: عقيم | O172: عامة | R172: صلح | T172: دولة
A173: فلاح | B173: فترة | C173: ملعب | D173: نار | E173: مقياس | F173: ركض | G173: صورة | I173: طريق | J173: رعاية | K173: عدّل | L173: قدّم | M173: سيل | N173: علاج | O173: عامية | R173: صمت | T173: دين
A174: قشرة | B174: فجر | C174: ممر | D174: نبض | E174: مكاييل | F174: ركوب | G174: صياغة | I174: طعام | J174: رعب | K174: عرض | L174: قرار | M174: شاطئ | N174: علف | O174: عائلة | R174: ضابط | T174: راتب
A175: قصير | B175: فضائي | C175: منارة | D175: نجدة | E175: مكعب | F175: ركيزة | G175: ضرب | I175: طقس | J175: رفض | K175: عقد | L175: قسم | M175: شاغر | N175: علم | O175: عداء | R175: ضحية | T175: رأسمال
A176: قطرس | B176: فهرس | C176: منتدى | D176: نزيف | E176: مكعبات | F176: رماية | G176: طباعة | I176: طويل | J176: رفيق | K176: عمالة | L176: قضية | M176: شاليه | N176: غرس | O176: عدالة | R176: ضربة | T176: رأفة
A177: قطن | B177: فوتون | C177: منتزه | D177: نظارة | E177: ملء | F177: رمح | G177: طباق | I177: ظلم | J177: رقيق | K177: عمل | L177: قطاع | M177: شتاء | N177: غرسة | O177: عدل | R177: ضرر | T177: ربح
A178: قفص | B178: فوضى | C178: منجز | D178: نظافة | E178: مليلتر | F178: رمي | G178: طبعة | I178: عادة | J178: رهبة | K178: عملة | L178: قنصل | M178: شجرة | N178: غرين | O178: عدوانية | R178: ضم | T178: رجل
A179: قن | B179: فوهة | C179: منحدر | D179: نظام | E179: مليلترات | F179: رهان | G179: طرديات | I179: عاصمة | J179: روتين | K179: عمولة | L179: قنصلية | M179: شجيرة | N179: غلة | O179: عرف | R179: طائرة | T179: رخصة
... A188: لحم | B188: قمري | C188: ميناء | D188: يد | E188: مئوية | F188: سباحة | G188: عذوبة | I188: عصر | J188: سرعة | K188: فائدة | L188: كشف | M188: صحراوي | N188: فوسفات | O188: عمال | R188: عدوان | T188: زوج
A189: لقلق | B189: قنطور | C189: نافذة | E189: نسب | F189: سباق | G189: عروض | I189: عصيان | J189: سرور | K189: فائض | L189: كفء | M189: صخر | N189: فوسفور | O189: عمل | R189: عدواني | T189: زوجة
A190: ليلية | B190: قوة | C190: نافورة | E190: نسبة | F190: سجل | G190: عشق | I190: عفو | J190: سعادة | K190: فرع | L190: كفالة | M190: صخرة | N190: فول | O190: عنف | R190: عرقي | T190: زود
A191: ماء | B191: قيظ | C191: نزوح | E191: نصف | F191: سحر | G191: عقدة | I191: عقوبة | J191: سعي | K191: فشل | L191: كلف | M191: صخري | N191: فيروس | O191: عوز | R191: عريف | T191: سجل
A192: ماشية | B192: كارثة | C192: نصب | E192: نصفين | F192: سرج | G192: علة | I192: عقيدة | J192: سلطوي | K192: فضة | L192: كلية | M192: صدى | N192: قرع | O192: عولمة | R192: عسكري | T192: سجن
A193: مالك | B193: كاشف | C193: نظافة | E193: هكتار | F193: سرعة | G193: علم | I193: علامة | J193: سلوك | K193: فقر | L193: لائحة | M193: صعد | N193: قص | O193: عينة | R193: عصبة | T193: سجين
A194: مأوى | B194: كاميرا | C194: نفق | E194: هكتارات | F194: سروال | G194: علوم | I194: علم | J194: سوء | K194: فكة | L194: لجنة | M194: صعود | N194: قصب | O194: غنى | R194: عقيد | T194: سرق
A195: مائي | B195: كتلة | C195: هدوء | E195: واسع | F195: سفر | G195: عمق | I195: عملة | J195: سؤال | K195: قانون | L195: لجوء | M195: صقر | N195: قطاف | O195: فرد | R195: علم | T195: سرقة
A196: متجول | B196: كوازار | C196: هلال | E196: وحدات | F196: سلسلة | G196: عناوين | I196: عهد | J196: شجاع | K196: قائد | L196: لوم | M196: صمت | N196: قطعة | O196: فضيلة | R196: عملية | T196: سقوط
A197: مجثم | B197: كواكب | C197: هواء | E197: وحدة | F197: سلى | G197: عنوان | I197: عودة | J197: شجاعة | K197: قدّر | L197: مادة | M197: صوت | N197: قطيع | O197: فطرة | R197: عنصرية | T197: سلام
A198: محمية | B198: كوكب | C198: هيأ | E198: وزن | F198: سياسة | G198: غرام | I198: غرب | J198: شحيح | K198: قرض | L198: مبني | M198: صياد | N198: قفر | O198: فعل | R198: عنف | T198: سلطة
A199: مخلب | B199: كوني | C199: واجهة | E199: وعاء | F199: سيرك | G199: غزل | I199: غزو | J199: شخصية | K199: قسمة | L199: متابعة | M199: صيف | N199: قلوية | O199: فقر | R199: عودة | T199: سمح
A200: مراقبة | B200: كونية | C200: وثيقة | E200: وقت | F200: سيف | G200: فحل | I200: فارس | J200: شرير | K200: قسيمة | L200: متجر | M200: ضائع | N200: قمح | O200: فكر | R200: غارة | T200: سمعة
... A203: مغردة | B203: لحظة | C203: وسط | E203: يوم | F203: شباب | G203: فصاحة | I203: فتنة | J203: شك | K203: قيمة | L203: مجمع | M203: ضخم | N203: قهوة | O203: قانون | R203: غمد | T203: شخص
A204: مغطى | B204: لعبة | F204: شبكة | G204: فصحى | I204: فرمان | J204: شكر | K204: كارتل | L204: محاسب | M204: ضوء | N204: كتلة | O204: قبيلة | R204: غواصة | T204: شراء
A205: مقصورة | B205: لمعان | F205: شجاعة | G205: فصل | I205: فضة | J205: شوق | K205: كفالة | L205: محاسبة | M205: طابق | N205: كرفس | O205: قرابة | R205: فارس | T205: شرط
A206: مقيمة | B206: ليل | F206: شدة | G206: فصول | I206: فكر | J206: صاخب | K206: كيان | L206: محامي | M206: طبيعة | N206: كرم | O206: قرية | R206: فاشي | T206: شرف
A207: منقار | B207: ليلي | F207: شعبي | G207: فعل | I207: فلاح | J207: صبر | K207: مال | L207: محتجز | M207: طرف | N207: كرمة | O207: قسوة | R207: فاشية | T207: شريك
A208: مهاجر | B208: مادة | F208: شهرة | G208: فكر | I208: فلسفة | J208: صحبة | K208: مالي | L208: محضر | M208: طريق | N208: كزبرة | O208: قطاع | R208: فتح | T208: شكوى
A209: موطن | B209: متوسط | F209: شوط | G209: فكرة | I209: فن | J209: صداقة | K209: مالية | L209: محكمة | M209: طوفان | N209: كستناء | O209: قيادة | R209: فخ | T209: شهادة
A210: ناعم | B210: مجال | F210: صافرة | G210: فلسفة | I210: فهرس | J210: صدق | K210: متجر | L210: مدقق | M210: طول | N210: كوسة | O210: قيم | R210: فرار | T210: شهد
A211: نحلة | B211: مجرات | F211: صالة | G211: فهارس | I211: قافلة | J211: صديق | K211: متداول | L211: مدني | M211: طير | N211: لقاح | O211: قيمة | R211: فرقاطة | T211: شهر
A212: نسر | B212: مجموعة | F212: صبر | G212: فهرس | I212: قانون | J212: صريح | K212: مجاني | L212: مدير | M212: طين | N212: ليمون | O212: كارثة | R212: فرقة | T212: صادق
A213: نعامة | B213: محطة | F213: صحافة | G213: فهرسة | I213: قائد | J213: صفة | K213: مجلس | L213: مدينة | M213: ظل | N213: ماء | O213: لغة | R213: فشل | T213: صاغ
A214: نعيق | B214: محور | F214: صحة | G214: قارئ | I214: قبل | J214: صفح | K214: مجمّع | L214: مذكرة | M214: ظلام | N214: ماشية | O214: مجاعة | R214: فصيل | T214: صحح
A215: نغمة | B215: محيط | F215: صراع | G215: قافية | I215: قبيلة | J215: صمت | K215: مجوهرات | L215: مراجعة | M215: عارٍ | N215: ماعز | O215: مجال | R215: فصيلة | T215: صدر
... A234: طيور | B234: معطيات | F234: عزيمة | G234: لفظ | I234: لاجئ | J234: عدواني | K234: مضاربة | L234: معتمد | M234: علامة | N234: مشاتل | O234: منهج | R234: كتيبة | T234: عبّر
B235: مغامرة | F235: عسكري | G235: لقاء | I235: لاحق | J235: عزلة | K235: معدل | L235: معقد | M235: علو | N235: مشط | O235: مهنة | R235: كشاف | T235: عجز
B236: مغناطيسي | F236: عشب | G236: لهجة | I236: لباس | J236: عزم | K236: معيار | L236: معلومة | M236: عمق | N236: مشمش | O236: مواطنة | R236: كفاح | T236: عدالة
B237: مكوك | F237: عشوائي | G237: مبالغة | I237: لغة | J237: عزيمة | K237: مقتصد | L237: مقاطعة | M237: عمود | N237: مضخة | O237: مؤسسة | R237: كمين | T237: عدول
B238: ممتاز | F238: عصا | G238: متانة | I238: لهجة | J238: عصبي | K238: مكافأة | L238: مقدم | M238: عمودي | N238: مطر | O238: ميثاق | R238: لاجئ | T238: عرض
B239: مناخ | F239: عضلة | G239: مترجم | I239: لوح | J239: عصبية | K239: مكتسب | L239: مقهى | M239: عين | N239: معايرة | O239: ميدان | R239: لائحة | T239: عزل
B240: منحنى | F240: عضوية | G240: مثل | I240: ماض | J240: عصيان | K240: مكسب | L240: مكتب | M240: غابة | N240: مغذي | O240: ناس | R240: لغم | T240: عفا
B241: منصة | F241: عقوبة | G241: مجاز | I241: ماضي | J241: عطاء | K241: ملك | L241: مكتسب | M241: غاز | N241: مغذيات | O241: نبذ | R241: لواء | T241: عفو
B242: منظار | F242: علاج | G242: مجلة | I242: مال | J242: عطوف | K242: منافسة | L242: مكيف | M242: غبار | N242: مغرس | O242: نخبة | R242: مبارزة | T242: عقاب
B243: مهندس | F243: علامة | G243: مجلد | I243: مبعوث | J243: عفو | K243: منتج | L243: ملحق | M243: غدير | N243: مقطورة | O243: نخبوية | R243: متفجرات | T243: عقد
B244: موجة | F244: علم | G244: مجلدات | I244: متحف | J244: عناد | K244: منحة | L244: ملف | M244: غراب | N244: ملفوف | O244: نزاع | R244: متمرد | T244: عقوبة
B245: موقع | F245: عمود | G245: مجيد | I245: مجاعة | J245: عناية | K245: منطقة | L245: منحة | M245: غرب | N245: منجل | O245: نسب | R245: مجاعة | T245: عمل
B246: ميكانيكا | F246: عيب | G246: محاضرة | I246: مجتمع | J246: عنف | K246: مهلة | L246: مندوب | M246: غروب | N246: مهندس | O246: نصرة | R246: مجزرة | T246: عنوان
... B264: وسط | F264: فوز | G264: مصادر | I264: معرض | J264: فضولي | K264: هامش | L264: نزاع | M264: قائظ | N264: يخضور | O264: وفاة | R264: مسالم | T264: قانون
B265: وشاح | F265: فئة | G265: مصدر | I265: معرفة | J265: فضيلة | K265: واجب | L265: نسخة | M265: قبيلة | O265: ولادة | R265: مستبد | T265: قانوني
B266: وهج | F266: قاعة | G266: مضارع | I266: معركة | J266: فطنة | K266: واردات | L266: نشاط | M266: قرب | O266: يسارية | R266: مستعمرة | T266: قبل
F267: قاعدة | G267: مضمون | I267: معسكر | J267: فظ | K267: وديعة | L267: نشرة | M267: قريب | O267: يمينية | R267: مستودع | T267: قتل
F268: قانون | G268: مطالعة | I268: مقارنة | J268: فعال | K268: ورشة | L268: نظام | M268: قسوة | R268: مسدس | T268: قدّر
F269: قائد | G269: مطبعة | I269: مقاومة | J269: فعل | K269: ورقة | L269: نفقة | M269: قطر | R269: مسيرة | T269: قدم
F270: قبطان | G270: معاصر | I270: مكان | J270: فهم | K270: وظيفة | L270: نقابة | M270: قطيع | R270: مشاة | T270: قرار
F271: قتال | G271: معالجة | I271: مكتبة | J271: فوضوي | K271: وعاء | L271: نموذج | M271: قفر | R271: مشكلة | T271: قرر
F272: قتالي | G272: معان | I272: ملك | J272: فوضى | K272: وكالة | L272: هدف | M272: قفز | R272: مشير | T272: قرينة
F273: قدرة | G273: معاني | I273: مملكة | J273: قبول | K273: وكيل | L273: هيكل | M273: قمة | R273: مضطهد | T273: قسط
F274: قسم | G274: معجم | I274: منزل | J274: قرابة | K274: يورو | L274: هيئة | M274: قمر | R274: مطار | T274: قصّر
...

Sheet M4
A1: ALKAMO — M4 (arabe) 20THEMES
A3: N° | B3: THÈME | C3: MOTS
A4: 1 | B4: الدين والعبادة | C4: =M4_mots!A2 -> 327
A5: 2 | B5: الحضارات والآثار | C5: =M4_mots!B2 -> 286
A6: 3 | B6: الجغرافيا والبلدان | C6: =M4_mots!C2 -> 86
A7: 4 | B7: علم الاجتماع | C7: =M4_mots!D2 -> 230
A8: 5 | B8: الفلسفة | C8: =M4_mots!E2 -> 228
A9: 6 | B9: المخاطر والكوارث | C9: =M4_mots!F2 -> 375
A10: 7 | B10: الشهرة والنجومية | C10: =M4_mots!G2 -> 358
A11: 8 | B11: الشجاعة والبطولة | C11: =M4_mots!H2 -> 249
A12: 9 | B12: القرية والريف | C12: =M4_mots!I2 -> 280
A13: 10 | B13: الملاحة والقرصنة | C13: =M4_mots!J2 -> 334
A14: 11 | B14: الأعياد والتقاليد | C14: =M4_mots!K2 -> 300
A15: 12 | B15: المهن والوظائف | C15: =M4_mots!L2 -> 202
A16: 13 | B16: المطعم والضيافة | C16: =M4_mots!M2 -> 281
A17: 14 | B17: العيوب والجودة | C17: =M4_mots!N2 -> 445
A18: 15 | B18: علم الزراعة | C18: =M4_mots!O2 -> 137
A19: 16 | B19: البيئة والإيكولوجيا | C19: =M4_mots!P2 -> 332
A20: 17 | B20: الطاقة والموارد | C20: =M4_mots!Q2 -> 429
A21: 18 | B21: المعادن والمواد | C21: =M4_mots!R2 -> 178
A22: 19 | B22: الشرطة والتحقيق الجنائي | C22: =M4_mots!S2 -> 219
A23: 20 | B23: سينما ومسرح | C23: =M4_mots!T2 -> 369
A24: TOTAL | C24: =SUM(C4:C23) -> 5645

Sheet M4_mots
A1: الدين والعبادة | B1: الحضارات والآثار | C1: الجغرافيا والبلدان | D1: علم الاجتماع | E1: الفلسفة | F1: المخاطر والكوارث | G1: الشهرة والنجومية | H1: الشجاعة والبطولة | I1: القرية والريف | J1: الملاحة والقرصنة | K1: الأعياد والتقاليد | L1: المهن والوظائف | M1: المطعم والضيافة | N1: العيوب والجودة | O1: علم الزراعة | P1: البيئة والإيكولوجيا | Q1: الطاقة والموارد | R1: المعادن والمواد | S1: الشرطة والتحقيق الجنائي | T1: سينما ومسرح
A2: =COUNTA(A3:A5000) -> 327 | B2: =COUNTA(B3:B5000) -> 286 | C2: =COUNTA(C3:C5000) -> 86 | D2: =COUNTA(D3:D5000) -> 230 | E2: =COUNTA(E3:E5000) -> 228 | F2: =COUNTA(F3:F5000) -> 375 | G2: =COUNTA(G3:G5000) -> 358 | H2: =COUNTA(H3:H5000) -> 249 | ... T2: =COUNTA(T3:T5000) -> 369
A3: أصنام | B3: إبرة | C3: استوائية | D3: أسرة | E3: أبد | F3: إبادة | G3: شخصية | H3: إباء | I3: إبريق | J3: إبحار | K3: عيد | L3: إحصائي | M3: ابتسامة | N3: ابتذال | O3: تربة | P3: برية | Q3: حفري | R3: إتريوم | S3: ضرر | T3: ابتكار
A4: مقدسة | B4: إبريق | C4: بركان | D4: إنسان | E4: أبدي | F4: ابتكار | G4: ابتكر | H4: إتقان | I4: أجبان | J4: أبحر | K4: احتفال | L4: أستاذ | M4: اجتماع | N4: ابتزاز | O4: حشري | P4: صيد | Q4: زيت | R4: إثمد | S4: معاملة | T4: إبداع
A5: أب | B5: أثر | C5: جزيرة | D5: بيئة | E5: أبيقورية | F5: أتلف | G5: اتجاه | H5: أتون | I5: اجتماع | J5: اتجاه | K5: تقليد | L5: إسكافي | M5: احترام | N5: ابتكار | O5: زراعي | P5: كهرباء | Q5: شمسية | R5: أداميت | S5: مؤامرة | T5: أجواء
A6: ابتهال | B6: أثرى | C6: أرخبيل | D6: تضامن | E6: اختيار | F6: إجرامي | G6: اجتهاد | H6: أثر | I6: احتفال | J6: اتصال | K6: عادة | L6: اكتسب | M6: احتفال | N6: إتاحة | O6: زراعية | P6: نفايات | Q6: طاقة | R6: إريديوم | S6: إبادة | T6: اختيار
A7: اجتهاد | B7: أحرق | C7: أرض | D7: تطور | E7: آخر | F7: إجلاء | G7: أجر | H7: اختبار | I7: أحراش | J7: اتفاق | K7: موسم | L7: باحث | M7: إحسان | N7: اتصال | O7: زغبي | P7: حماية | Q7: فحم | R7: آزوريت | S7: ابتزاز | T7: إخراج
A8: أجر | B8: أداة | C8: أرضية | D8: تغيير | E8: أخلاق | F8: احتباس | G8: أحب | H8: اختراق | I8: أحفاد | J8: احتجاز | K8: هدية | L8: بائع | M8: أخوة | N8: إتقان | O8: نباتية | P8: نقية | Q8: ماء | R8: استخراج | S8: اتهام | T8: أخير
A9: إجماع | B9: أرّخ | C9: استقلال | D9: تفاعل | E9: إدراك | F9: احترار | G9: احترام | H9: أخلاقيات | I9: أدغال | J9: احتلال | K9: وليمة | L9: بحار | M9: إدارة | N9: أتلف | O9: إثمار | P9: إتقان | Q9: متجددة | R9: إسفلت | S9: أثر | T9: إدارة
A10: احترام | B10: أردواز | C10: استوائي | D10: تقاليد | E10: إرادة | F10: احتراق | G10: احتفال | H10: إرادة | I10: أرز | J10: إدانة | K10: تجمع | L10: بديل | M10: أدب | N10: اتهام | O10: أرض | P10: أثر | Q10: مشعة | R10: إسمنت | S10: احتجاز | T10: أدب
A11: احتفل | B11: أرشيف | C11: أقاليم | D11: تكافل | E11: إرادي | F11: احترز | G11: احتفل | H11: ارتفاع | I11: أرض | J11: أرخبيل | K11: فرح | L11: بستاني | M11: أريكة | N11: أثّر | O11: إزهار | P11: اجتماعي | Q11: مفاعل | R11: أكسدة | S11: احتيال | T11: استراحة
A12: إحسان | B12: أرض | C12: إقليم | D12: ثقافة | E12: أزل | F12: احتمال | G12: أدبي | H12: إرث | I12: أرنب | J12: استسلام | K12: زينة | L12: بناء | M12: استراحة | N12: إجراء | O12: استدامة | P12: اجتماعية | Q12: نفط | R12: أكسيد | S12: اختطاف | T12: استعارة
A13: اختيار | B13: إزميل | C13: بحر | D13: سلوك | E13: أزلي | F13: احتياط | G13: إذاعة | H13: أرشد | I13: إسطبل | J13: استغاثة | K13: فلكلور | L13: بهلوان | M13: استرخاء | N13: احترام | O13: استصلاح | P13: أجواء | Q13: نووية | R13: ألمنيوم | S13: إخفاء | T13: استعراض
A14: إخلاص | B14: استخرج | C14: تلوث | D14: طبقة | E14: استحالة | F14: اختبار | G14: إرث | H14: استراتيجية | I14: أسطورة | J14: استيلاء | K14: ضيافة | L14: بواب | M14: استضافة | N14: احترم | O14: اصفرار | P14: احترار | Q14: رياح | R14: ألومنيوم | S14: أداة | T14: استقبال
... A56: تسامح | B56: جدار | C56: صدع | D56: مساواة | E56: تعدد | F56: انقطاع | G56: بارع | H56: تغلب | I56: جحر | J56: تثبيت | K56: تبخير | L56: سائق | M56: ترحيب | N56: انتقاص | O56: حراثة | P56: بقاء | Q56: بروبان | R56: جير | S56: مذنب | T56: بياني
A57: تسبيح | B57: جدارية | C57: صينية | D57: عدالة | E57: تعقل | F57: انقلاب | G57: بث | H57: تفانٍ | I57: جد | J57: تجارة | K57: مباركة | L57: سباك | M57: ترفيه | N57: انتقائي | O57: حراجة | P57: بقايا | Q57: بطارية | R57: جيولوجيا | S57: مسدس | T57: تأثير | V57: عيد
A58: تشهد | B58: جرانيت | C58: عاصمة | D58: عزل | E58: تعميم | F58: انهيار | G58: بدأ | H58: تقدم | I58: جدب | J58: تجريف | K58: دعاء | L58: سريري | M58: تسامح | N58: انحراف | O58: حش | P58: بقية | Q58: بنزين | R58: حاد | S58: معالج | T58: تباين | V58: احتفال
A59: تعصب | B59: جرة | C59: عالم | D59: تنميط | E59: تغير | F59: اهتزاز | G59: بداية | H59: تكتيك | I59: جدة | J59: تحرك | K59: شكر | L59: سفير | M59: تضامن | N59: انحلال | O59: حشرة | P59: بكتيريا | Q59: آلة | R59: حجر | S59: معتدي | T59: تجربة | V59: تقليد
A60: تفانٍ | B60: جزيرة | C60: علم | D60: وصمة | E60: تفرد | F60: بحث | G60: بدلة | H60: تكريم | I60: جدول | J60: تحرير | K60: امتنان | L60: سكرتير | M60: تعاطف | N60: إنساني | O60: حصاد | P60: بلاستيك | Q60: تخزين | R60: حديد | S60: منبه | T60: تجريد | V60: عادة
A61: تفسير | B61: جسر | C61: عملة | D61: حراك | E61: تفكر | F61: بحيرة | G61: براعة | H61: تماسك | I61: جدي | J61: تدفق | K61: عرف | L61: سمسار | M61: تعاون | N61: إنصاف | O61: حظيرة | P61: بلوتونيوم | Q61: تربين | R61: حرير | S61: مهرب | T61: تجريدي | V61: موسم
A62: تقليد | B62: جمع | C62: فيض | D62: ترقي | E62: تفكيكية | F62: بدانة | G62: برافو | H62: تميز | I62: جراد | J62: ترسانة | K62: موروث | L62: شاعر | M62: تعزية | N62: انفتاح | O62: حفظ | P62: بنية | Q62: تسرب | R62: حصاة | S62: نشل | T62: تحرير | V62: هدية
A63: تقوى | B63: جنائزي | C63: فيضان | D63: فقر | E63: تقييم | F63: براعة | G63: برز | H63: تهديد | I63: جرار | J63: تسلح | K63: أصالة | L63: شحاذ | M63: تفانٍ | N63: انفصال | O63: حلم | P63: بيولوجي | Q63: تعدين | R63: حصى | S63: هارب | T63: تدريس | V63: وليمة
A64: تقي | B64: جوهرة | C64: قطب | D64: ثروة | E64: تناقض | F64: برد | G64: برنامج | H64: توازن | I64: جرة | J64: تسليح | K64: هوية | L64: شرطي | M64: تقدير | N64: انقطاع | O64: حموضة | P64: بيئي | Q64: تنمية | R64: خام | S64: هجوم | T64: تذكرة | V64: تجمع
A65: تكبير | B65: جير | C65: قناة | D65: بطالة | E65: تناهي | F65: برق | G65: بروز | H65: ثابت | I65: جزر | J65: تفاوض | K65: رمزية | L65: صانع | M65: تقليد | N65: إهانة | O65: خبير | P65: بيئية | Q65: تيار | R65: خزان | S65: أمن | T65: تذهيب | V65: فرح
A66: تلا | B66: جيولوجيا | C66: كثيب | D66: تعليم | E66: تنوير | F66: بركان | G66: بريق | H66: ثابر | I66: جفاف | J66: تمرد | K66: ذكرى | L66: صائغ | M66: تقييم | N66: اهتمام | O66: دبال | P66: تأثير | Q66: حديد | R66: خزف | S66: انحراف | T66: تراث | V66: زينة
A67: تلاوة | B67: حبر | C67: كيب | D67: تفكك | E67: تنويرية | F67: بطانية | G67: بطل | H67: ثبات | I67: جمعية | J67: تيار | K67: مناسبة | L67: صحفي | M67: تكافل | N67: إهمال | O67: دراسة | P67: تأطير | Q67: خام | R67: خشب | S67: إنذار | T67: تركيز | V67: زي تقليدي
A68: تلميذ | B68: حجر | C68: لغة | D68: تماسك | E68: تواصل | F68: بؤس | G68: بهرج | H68: ثقة | I68: جنازة | J68: ثروة | K68: يوبيل | L68: صراف | M68: تكييف | N68: إيمان | O68: دفيئة | P68: تآكل | Q68: خزان | R68: خيزران | S68: إنكار | T68: تصفيق | V68: موسيقى شعبية
... A88: حالة | B88: ختم | C88: ينبوع | D88: دولة | E88: حيوان | F88: تسونامي | G88: تكريم | H88: حرر | I88: حمامة | J88: حرك | K88: عبرة | L88: فندقي | M88: حجز | N88: تحليل | O88: صدأ | P88: تراكم | Q88: معدن | R88: زئبق | S88: تقرير | T88: جاد | V88: نشيد
A89: حب | B89: خدش | D89: مواطنة | E89: حيوي | F89: تشنج | G89: تكوين | H89: حرك | I89: حمص | J89: حزام | K89: وصية | L89: فني | M89: حديث | N89: تحمل | O89: صلصال | P89: تربة | Q89: منجم | R89: زينون | S89: تناقض | T89: جانب | V89: أضواء
A90: حج | B90: خراب | D90: حقوق | E90: خاص | F90: تصدع | G90: تمتع | H90: حزم | I90: حمل | J90: حساب | K90: إرث | L90: فيزيائي | M90: حديقة | N90: تخلي | O90: صنف | P90: ترسب | Q90: مهنة | R90: سبك | S90: تنظيم | T90: جائزة | V90: فانوس
A91: حجاب | B91: خزان | D91: واجبات | E91: خالد | F91: تضارب | G91: تمجيد | H91: حصار | I91: خبرة | J91: حصار | K91: جيل | L91: فيلسوف | M91: حريرة | N91: تخويف | O91: صومعة | P91: ترشيد | Q91: موارد | R91: سبيكة | S91: تنمر | T91: جدارية | V91: شموع
A92: حديث | B92: خزف | D92: رأسمالية | E92: خصوصية | F92: تطهير | G92: تواضع | H92: حصن | I92: ختان | J92: حصن | K92: أجيال | L92: قابلة | M92: حساب | N92: تدقيق | O92: طفيلي | P92: تركيب | Q92: مولد | R92: سترين | S92: تهديد | T92: جرأة | V92: مأدبة
A93: حر | B93: خشب | D93: اشتراكية | E93: خلود | F93: تعرية | G93: توّج | H93: حفز | I93: خروف | J93: حكم | K93: سلف | L93: قاضٍ | M93: حفاوة | N93: تدهور | O93: طمي | P93: ترميم | Q93: ناقلة | R93: سلسلة | S93: تهريب | T93: جرافيتي | V93: طعام
A94: حرام | B94: خندق | D94: طبقية | E94: خير | F94: تعطل | G94: توضيح | H94: حق | I94: خصوبة | J94: حلقة | K94: خلف | L94: قائد | M94: حقيبة | N94: ترادف | O94: عازقة | P94: تسميد | Q94: نقص | R94: سماد | S94: تواطؤ | T94: جسد | V94: حلوى
A95: حرق | B95: دبال | D95: برجوازية | E95: دائم | F95: تعقيد | G95: توقيع | H95: حماس | I95: خصومة | J95: حمولة | K95: جد | L95: قبطان | M95: حلوى | N95: ترويض | O95: عرض | P95: تصحر | Q95: نواة | R95: سنفرة | S95: توقيف | T95: جسّد | V95: كعك
A96: حرم | B96: دبوس | D96: عمال | E96: دلالة | F96: تعقيم | G96: تيار | H96: حمل | I96: خضار | J96: حوت | K96: جدة | L96: قبعجية | M96: حلويات | N96: تزوير | O96: عزيق | P96: تصريف | Q96: وقود | R96: سيريوم | S96: جاسوس | T96: جسدي | V96: شاي
A97: حساب | B97: دراسة | D97: نقابة | E97: دليل | F97: تعويض | G97: ثروة | H97: حمى | I97: خضروات | J97: خريطة | K97: كرنفال | L97: قدرة | M97: حمام | N97: تسامح | O97: عصارة | P97: تطهير | Q97: أمبير | R97: سيزيوم | S97: جثة | T97: جمال | V97: قهوة
A98: حسنة | B98: درج | D98: احتجاج | E98: ديالكتيك | F98: تغيير | G98: ثقة | H98: حيوية | I98: دار | J98: خسارة | K98: موكب | L98: قطّاع | M98: حماية | N98: تسلية | O98: عضوية | P98: تطور | Q98: امتلاء | R98: سيليكا | S98: جريمة | T98: جمالية | V98: ضيوف
A99: حكم | B99: درس | D99: ثورة | E99: ذات | F99: تفتيش | G99: ثلاثية | H99: خط | I99: دجاجة | J99: خطاف | K99: عروس | L99: قنصل | M99: حنان | N99: تسمية | O99: علاج | P99: تعليم | Q99: إمدادات | R99: شلال | S99: جنحة | T99: جمهور | V99: أقارب
A100: حكيم | B100: درع | D100: تمرد | E100: ذاتية | F100: تقلب | G100: ثناء | H100: خطر | I100: درب | J100: خطر | K100: عريس | L100: قيّم | M100: خادم | N100: تشتت | O100: علف | P100: تغليف | Q100: أنابيب | R100: شمشار | S100: جهاز | T100: جميل | V100: جيران
... A139: رمضان | B139: شظية | D139: ميدان | E139: علة | F139: حذر | G139: دليل | H139: ضابط | I139: سهل | J139: زاوية | K139: رهاب | L139: مزارع | M139: سمعة | N139: جريمة | O139: يخضور | P139: حرق | Q139: تدرج | R139: كثيف | S139: شبهة | T139: دخول | V139: حصاد
A140: رواية | B140: شق | D140: ظرف | E140: علموية | F140: حراسة | G140: دولي | H140: ضعف | I140: سوق | J140: زورق | K140: رهبة | L140: مزين | M140: سياج | N140: جسدي | P140: حطام | Q140: تدريبات | R140: كربون | S140: شجاعة | T140: دراسة | V140: بذار
A141: روح | B141: شمع | D141: سياق | E141: عمومية | F141: حرب | G141: ديفا | H141: ضوء | I141: سياج | J141: ساحل | K141: روح | L141: مساح | M141: سيارة | N141: جسدية | P141: حظ | Q141: تدفق | R141: كرز | S141: شرطي | T141: دراما | V141: حكاية
A142: روحانيات | B142: صائغ | D142: محيط | E142: عميق | F142: حرج | G142: ذروة | H142: طاقة | I142: شبكة | J142: سارق | K142: روّض | L142: مساعد | M142: شامبو | N142: جمال | P142: حفاظ | Q142: تدفئة | R142: كروم | S142: شغب | T142: درس | V142: أسطورة
A143: روحي | B143: صبغة | D143: وسط | E143: عيني | F143: حريق | G143: ذكرى | H143: طموح | I143: شتلة | J143: سباحة | K143: رومانسية | L143: مستشار | M143: شاي | N143: جمالي | P143: حفظ | Q143: تردد | R143: كريبتون | S143: شكوى | T143: دمية | V143: خرافة
A144: زكاة | B144: صخرة | D144: جوار | E144: غاية | F144: حزم | G144: ذوق | H144: طيبة | I144: شجيرة | J144: سبي | K144: ريبة | L144: مستغل | M144: شخشوخة | N144: جهل | P144: حي | Q144: تزويد | R144: كلسي | S144: صدق | T144: دور | V144: مثل
A145: زواج | B145: صدفة | D145: حي | E145: غائي | F145: حزن | G145: راحة | H145: عادل | I145: شروق | J145: سجن | K145: زعزع | L145: مسوق | M145: شراب | N145: جودة | P145: حيوان | Q145: تسخين | R145: كلوريت | S145: صفارة | T145: ديكور | V145: حكمة
A146: ساحر | B146: صرح | D146: مدينة | E146: غيرية | F146: حساسية | G146: راسخ | H146: عازم | I146: شعير | J146: سجين | K146: ساخط | L146: مشترٍ | M146: شرف | N146: جوهر | P146: حيوانات | Q146: تعب | R146: كهرمان | S146: ضابط | T146: ذروة | V146: عبرة
A147: ساذج | B147: صقل | D147: قرية | E147: فانٍ | F147: حضارة | G147: راقص | H147: عبر | I147: شمس | J147: سحيق | K147: سحر | L147: مشتري | M147: شرفة | N147: جوهري | P147: حيواني | Q147: تغذية | R147: كهف | S147: ضحية | T147: ذواقة | V147: وصية
A148: سبت | B148: صندوق | D148: عشيرة | E148: فرضية | F148: حظ | G148: راقصة | H148: عدالة | I148: شورى | J148: سد | K148: سعادة | L148: مشرّع | M148: شكر | N148: حالة | P148: حيوي | Q148: تفاعل | R148: كوارتز | S148: ضرب | T148: ذوق | V148: إرث
A149: سجدة | B149: صنف | D149: قبيلة | E149: فضيلة | F149: حماس | G149: رأي | H149: عزم | I149: شوكة | J149: سرعة | K149: سكينة | L149: مشرف | M149: شهية | N149: حرج | P149: خبير | Q149: تقليص | R149: كوبالت | S149: طعنة | T149: راقص | V149: جيل
A150: سجود | B150: صنم | D150: أقارب | E150: فطنة | F150: حماية | G150: رائع | H150: عزيمة | I150: شيخ | J150: سرقة | K150: سلام | L150: مشغل | M150: شيف | N150: حرمان | P150: خردة | Q150: تكرير | R150: كيمياء | S150: طيران | T150: راوٍ | V150: أجيال
A151: سلام | B151: ضفة | D151: أصهار | E151: فكر | F151: حمم | G151: ربح | H151: عشيرة | I151: شيخوخة | J151: سطح | K151: سما | L151: مصارع | M151: صابون | N151: حزم | P151: خرسانة | Q151: تكلفة | R151: لمعان | S151: عدالة | T151: رخام | V151: سلف
... A180: طاهر | B180: فخار | D180: ضغط | E180: متناقض | F180: رواسب | G180: شبكة | H180: قوس | I180: عسل | J180: صدفة | K180: عاطفي | L180: مهندس | M180: عطية | N180: خلاف | P180: سياق | Q180: حركة | R180: يورانيوم | S180: ليثبت | T180: سلم | V180: هتاف
A181: طائفة | B181: فخراني | D181: انحلال | E181: متناهٍ | F181: ري | G181: شرف | H181: قوي | I181: عش | J181: صلح | K181: عالج | L181: موثق | M181: عفو | N181: خلود | P181: شاحنة | Q181: حركي | S181: ليحرر | T181: سماعة | V181: دعوات
A182: طرد | B182: فرعون | D182: تفسخ | E182: مثالي | F182: ريح | G182: شعبي | H182: قياس | I182: عشب | J182: صندل | K182: عانى | L182: مؤرخ | M182: علاج | N182: خليط | P182: شرح | Q182: حريق | S182: ليقتل | T182: سهولة | V182: زوار
A183: طقس | B183: فرن | D183: انهيار | E183: مثالية | F183: رئيسي | G183: شعبية | H183: كأس | I183: عصفور | J183: صندوق | K183: عبثي | L183: موزع | M183: علامة | N183: خيال | P183: شركة | Q183: حزمة | S183: ليهزم | T183: سوناتة | V183: مضيف
A184: طقوس | B184: فسيفساء | D184: أزمة | E184: مجرد | F184: زخة | G184: شغف | H184: كرامة | I184: عقيقة | J184: ضاعف | K184: عداء | L184: موسيقي | M184: عناية | N184: خيانة | P184: شعاب | Q184: حفر | S184: مبلغ | T184: سيرك | V184: مستضيف
A185: طلاق | B185: فضة | D185: كارثة | E185: محدود | F185: زلزال | G185: شهرة | H185: لهب | I185: عمدة | J185: ضباب | K185: عذاب | L185: مؤشر | M185: عهد | N185: دائن | P185: شمسية | Q185: حفظ | S185: محامي | T185: سيناريو | V185: سفرة
A186: طهارة | B186: فولاذ | D186: وباء | E186: مذهب | F186: زلزالي | G186: شهير | H186: ماس | I186: عنب | J186: ضفة | K186: عرق | L186: موظف | M186: عود | N186: درجة | P186: صاخب | Q186: حقل | S186: محضر | T186: سينما | V186: مائدة
A187: ظهر | B187: فيلا | D187: مجاعة | E187: مستحيل | F187: زوبعة | G187: صحافة | H187: مبادرة | I187: عنبر | J187: طارد | K187: عز | L187: موظفون | M187: عودة | N187: دقة | P187: صحة | Q187: حكمة | S187: محقق | T187: شاشة
A188: عابد | B188: فينيقي | D188: حرب | E188: مسؤولية | F188: سام | G188: صحفي | H188: مبارزة | I188: عيد | J188: طاقم | K188: عزلة | L188: مؤلف | M188: عيد | N188: دليل | P188: صرامة | Q188: حماس | S188: محكمة | T188: شاعر
A189: عاشوراء | B189: قالب | D189: سلام | E189: مطلق | F189: سترة | G189: صدى | H189: مبدأ | I189: غابة | J189: طائرة | K189: عزى | L189: ميكانيكي | M189: غداء | N189: دناءة | P189: صلب | Q189: حمل | S189: مخالفة | T189: شتيمة
A190: عاطفة | B190: قبر | D190: أمن | E190: مطلقية | F190: سخرية | G190: صديق | H190: متصلب | I190: غرس | J190: طحالب | K190: عشق | L190: نادل | M190: غسالة | N190: دهاء | P190: صناعي | Q190: حياة | S190: مخبر | T190: شخصية
A191: عالم | B191: قربان | D191: استقرار | E191: معدوم | F191: سد | G191: صعود | H191: متين | I191: غروب | J191: طراد | K191: عصاب | L191: ناشر | M191: غناء | N191: دونية | P191: صوتي | Q191: حيوية | S191: مختبر | T191: شرفة
A192: عبادة | B192: قرن | D192: فوضى | E192: معرفة | F192: سرطان | G192: صفق | H192: مثابرة | I192: غزل | J192: طرف | K192: عفو | L192: ناشط | M192: فاتورة | N192: دين | P192: صون | Q192: خدمة | S192: مخدرات | T192: شعر
A193: عبد | B193: قرية | D193: عقد | E193: معضلة | F193: سطح | G193: صورة | H193: مثال | I193: غلة | J193: طريق | K193: علاج | L193: ناقد | M193: فاكهة | N193: ذريعة | P193: صياد | Q193: خسارة | S193: مداهمة | T193: شكل
A194: عبراني | B194: قصدير | D194: ميثاق | E194: معقد | F194: سكري | G194: صيت | H194: مثالي | I194: غيوم | J194: طعم | K194: عميق | L194: نائب | M194: فخامة | N194: ذوق | P194: صيانة | Q194: خسر | S194: مراقبة | T194: شمعة
A195: عدل | B195: قصر | D195: دستور | E195: معنوي | F195: سلامة | G195: ضجة | H195: مثالية | I195: فأر | J195: طلقة | K195: عناء | L195: نجار | M195: فخر | N195: ذوقي | P195: ضار | Q195: خشب | S195: مركبة | T195: شواية
A196: عرف | B196: قطر | D196: قانون | E196: معنى | F196: سلبي | G196: ضوء | H196: مجد | I196: فأس | J196: طيار | K196: عناق | L196: نحات | M196: فراش | N196: رتبة | P196: ضجيج | Q196: خطير | S196: مسجون | T196: شيء
A197: عشاء | B197: قطع | D197: أخلاق | E197: مغالطة | F197: سياج | G197: طاقة | H197: مجرب | I197: فجر | J197: طيران | K197: عنف | L197: نحال | M197: فرح | N197: رحمة | P197: ضمن | Q197: خفض | S197: مسرح | T197: صالة
A198: عصر | B198: قطعة | D198: فضيلة | E198: مفارقة | F198: سيل | G198: طلاق | H198: محارب | I198: فخار | J198: عارضة | K198: عنيد | L198: نساج | M198: فرن | N198: رداءة | P198: طاقة | Q198: دارة | S198: مسلح | T198: صف
... A204: عقيدة | B204: قنطرة | D204: ازدراء | E204: منطق | F204: شرطة | G204: عام | H204: مسابقة | I204: فلفل | J204: عداد | K204: غريزة | L204: وكيل | M204: قناعة | N204: رقيق | P204: طين | Q204: دمل | S204: مقلاع | T204: ضجيج
A205: علم | B205: قيّم | D205: احتقار | E205: منطقي | F205: شقاء | G205: عبادة | H205: مسبك | I205: فناء | J205: عربة | K205: غضب | M205: قهوة | N205: رنين | P205: عالم | Q205: دوار | S205: ملف | T205: ضحك
A206: علّم | B206: كأس | D206: تعاطف | E206: منهج | F206: شك | G206: عبّر | H206: مستقر | I206: فواكه | J206: عشيرة | K206: غنائي | M206: كرم | N206: رياضي | P206: عالمي | Q206: دوران | S206: موقع | T206: ضوء
A207: علمانية | B207: كاشف | D207: رحمة | E207: موجود | F207: صاعقة | G207: عبقرية | H207: مسدس | I207: فول | J207: عطب | K207: غنائية | M207: كسكس | N207: رئيسي | P207: عام | Q207: دولاب | S207: نزاهة | T207: طباعة
A208: عمد | B208: كاهن | D208: قسوة | E208: موضوعية | F208: صحي | G208: عدالة | H208: مشى | I208: قدر | J208: عقوبة | K208: غياب | M208: لباقة | N208: زيف | P208: عدائي | Q208: دولار | S208: نيابة | T208: طبع
A209: عمرة | B209: كاولين | D209: عدوانية | E209: ميتافيزيقا | F209: صدفة | G209: عرض | H209: معتقد | I209: قرع | J209: عوامة | K209: غيرة | M209: لبن | N209: سحر | P209: عذب | Q209: ديزل | S209: هاكر | T209: طبلة
A210: عهد | B210: كتابات | D210: سلمية | E210: ناقص | F210: صدم | G210: عشق | H210: معركة | I210: قرية | J210: عودة | K210: غيظ | M210: لطف | N210: سخيف | P210: عضوي | Q210: ديناميكي | S210: هراوة | T210: طبيعة
A211: عيد | B211: كتابة | D211: تفاوت | E211: نتيجة | F211: صراحة | G211: عشيرة | H211: معسكر | I211: قش | J211: غارة | K211: غيور | M211: لقاء | N211: سذاجة | P211: عقلاني | Q211: ذراع | S211: هوية | T211: طموح
A212: غزوة | B212: كربون | D212: تكافؤ | E212: نسبي | F212: صراخ | G212: عطار | H212: مغامرة | I212: قصة | J212: غرق | K212: فتور | M212: لقمة | N212: سرق | P212: عقوبة | Q212: ذرة | S212: وأد | T212: طين
A213: غسل | B213: كسر | D213: عوز | E213: نظرية | F213: صرف | G213: عظمة | H213: مقاتل | I213: قط | J213: غزو | K213: فخر | M213: مأدبة | N213: سرقة | P213: علاقة | Q213: ذري | S213: وفاة | T213: ظل
A214: غفران | B214: كلاسيكي | D214: حرمان | E214: نفس | F214: صمام | G214: عظيم | H214: مقاومة | I214: قطاف | J214: غطاء | K214: فراغ | M214: مأكولات | N214: سم | P214: علم | Q214: ذهب | S214: يحتال | T214: عاج
A215: فتوى | B215: كلسي | D215: امتياز | E215: نفسي | F215: ضجة | G215: علاقة | H215: ملتزم | I215: قطيع | J215: غنيمة | K215: فضيحة | M215: مائدة | N215: سمة | P215: علمي | Q215: راتب | S215: يحترق | T215: عادات
A216: فجر | B216: كنز | D216: وعي | E216: نقد | F216: ضجيج | G216: علامة | H216: ملحمة | I216: قفة | J216: فجر | K216: فكاهة | M216: مبيت | N216: سمعة | P216: عمران | Q216: راديو | S216: يسأل | T216: عازف
... A221: فطر | B221: لوح | D221: عامية | E221: واقعية | F221: ضرر | G221: فتنة | H221: ميدالية | I221: كسكس | J221: فئة | K221: قطع | M221: محمصة | N221: شائن | P221: غاز | Q221: رنين | S221: ينتهك | T221: عبقري
A222: فطرة | B222: مادة | D222: رسمية | E222: وجداني | F222: ضعف | G222: فخامة | H222: نار | I222: كلب | J222: قاد | K222: قطيعة | M222: مدبرة | N222: شتيمة | P222: غذائي | Q222: روح | T222: عبقرية
A223: فقه | B223: مأوى | D223: شفوية | E223: وجود | F223: ضعيف | G223: فخر | H223: ناضل | I223: كنيسة | J223: قارب | K223: قلب | M223: مدخل | N223: شجاعة | P223: غريب | Q223: ريح | T223: عدسة
A224: فقيه | B224: متآكل | D224: مكتوبة | E224: وجودية | F224: ضفة | G224: فرقة | H224: نجاح | I224: كوخ | J224: قاعدة | K224: قلق | M224: مدير | N224: شذوذ | P224: فخ | Q224: ريحي | T224: عذب
A225: فكرة | B225: متحف | D225: توثيق | E225: وحدانية | F225: ضئيل | G225: فريق | H225: نجدة | I225: كوسة | J225: قافلة | K225: قناع | M225: مرآة | N225: شر | P225: فرد | Q225: زاد | T225: عرض
A226: قارئ | B226: متوفى | D226: أرشفة | E226: وحدة | F226: طاقة | G226: فضيحة | H226: نجمة | I226: ليل | J226: قانون | K226: كآبة | M226: مراجعة | N226: شرط | P226: فرز | Q226: زراعي | T226: عقدة
A227: قاض | B227: مجرفة | D227: تراث | E227: وسيلة | F227: طبقة | G227: فكاهة | H227: نخوة | I227: ماشية | J227: قبطان | K227: كبح | M227: مرشد | N227: شرف | P227: فرضية | Q227: زلزال | T227: عمارة
A228: قاعدة | B228: مجمع | D228: إرث | E228: وضعية | F228: طبيب | G228: فنان | H228: نزاهة | I228: ماعز | J228: قتال | K228: كراهية | M228: مساعدة | N228: شغف | P228: فضّل | Q228: زينون | T228: عود
A229: قانون | B229: محا | D229: وراثة | E229: وعي | F229: طبيعي | G229: فئة | H229: نشيط | I229: مبيد | J229: قراصنة | K229: كره | M229: مسامحة | N229: شفافية | P229: فضلات | Q229: ساكن | T229: غريب
A230: قبر | B230: محور | D230: اكتساب | E230: يقين | F230: طرقي | G230: فيلسوف | H230: نصر | I230: مجرفة | J230: قرصان | K230: كسر | M230: مسبح | N230: شق | P230: فلسفة | Q230: سائل | T230: غسل
A231: قبطي | B231: مخطوطة | D231: فطرة | F231: طريق | G231: فيلم | H231: نضال | I231: مجلس | J231: قرصنة | K231: كسل | M231: مسك | N231: شكوى | P231: فني | Q231: سرعة | T231: غناء
A232: قبلة | B232: مدخل | D232: طبيعة | F232: طفيف | G232: قدّر | H232: نفس | I232: محراث | J232: قشرة | K232: كئيب | M232: مسؤولية | N232: شهادة | P232: فيزياء | Q232: سعة | T232: غنائي
A233: قداس | B233: مدفع | F233: طوارئ | G233: قرن | H233: نموذج | I233: محصول | J233: قشريات | K233: لامبالاة | M233: مشاركة | N233: صادق | P233: فيزيائي | Q233: سعرة | T233: غنى
A234: قداسة | B234: مدفن | F234: طوفان | G234: قمة | H234: نهاية | I234: مخزن | J234: قصف | K234: لان | M234: مشرف | N234: صبر | P234: قانون | Q234: سكن | T234: فاصل
A235: قديس | B235: مدينة | F235: طيش | G235: قناة | H235: نهر | I235: مدخنة | J235: قطبي | K235: لحظة | M235: مشروب | N235: صحح | P235: قذارة | Q235: سلاح | T235: فخار
...

Sheet M5
A1: ALKAMO — M5 (arabe) ARABE
A3: N° | B3: THÈME | C3: MOTS
A4: 1 | B4: العقل والتفكير | C4: =M5_mots!A2 -> 215
A5: 2 | B5: علم النفس | C5: =M5_mots!B2 -> 151
A6: 3 | B6: المفاهيم والأفكار | C6: =M5_mots!C2 -> 413
A7: 4 | B7: المشاعر والعواطف | C7: =M5_mots!D2 -> 394
A8: 5 | B8: علم الفلك | C8: =M5_mots!E2 -> 255
A9: 6 | B9: الجيولوجيا وعلوم الأرض | C9: =M5_mots!F2 -> 298
A10: 7 | B10: العلوم والمعرفة | C10: =M5_mots!G2 -> 358
A11: 8 | B11: السلام والسياسة | C11: =M5_mots!H2 -> 460
A12: 9 | B12: العجائب والمعالم | C12: =M5_mots!I2 -> 357
A13: 10 | B13: الإنسانية | C13: =M5_mots!J2 -> 321
A14: 11 | B14: التربية والبيداغوجيا | C14: =M5_mots!K2 -> 375
A15: 12 | B15: الصناعات | C15: =M5_mots!L2 -> 336
A16: 13 | B16: النقل القديم والبدائي | C16: =M5_mots!M2 -> 106
A17: 14 | B17: الخوف والحب | C17: =M5_mots!N2 -> 155
A18: 15 | B18: الفيزياء والقوام | C18: =M5_mots!O2 -> 400
A19: 16 | B19: الفكر والرأي | C19: =M5_mots!P2 -> 461
A20: 17 | B20: المعمار والتصميم | C20: =M5_mots!Q2 -> 426
A21: 18 | B21: الأرض والكون | C21: =M5_mots!R2 -> 387
A22: 19 | B22: الشعر والبلاغة | C22: =M5_mots!S2 -> 362
A23: 20 | B23: الدبلوماسية والعلاقات الدولية | C23: =M5_mots!T2 -> 495
A24: 21 | B24: قواعد اللغة | C24: =M5_mots!U2 -> 243
A25: 22 | B25: الاتصال ووسائل الإعلام | C25: =M5_mots!V2 -> 382
A26: 23 | B26: الفروسية وحياة البادية | C26: =M5_mots!W2 -> 133
A27: 24 | B27: الخط العربي والزخرفة | C27: =M5_mots!X2 -> 120
A28: 25 | B28: الفنون | C28: =M5_mots!Y2 -> 262
A29: TOTAL | C29: =SUM(C4:C28) -> 7865

Sheet M5_mots
A1: العقل والتفكير | B1: علم النفس | C1: المفاهيم والأفكار | D1: المشاعر والعواطف | E1: علم الفلك | F1: الجيولوجيا وعلوم الأرض | G1: العلوم والمعرفة | H1: السلام والسياسة | I1: العجائب والمعالم | J1: الإنسانية | K1: التربية والبيداغوجيا | L1: الصناعات | M1: النقل القديم والبدائي | N1: الخوف والحب | O1: الفيزياء والقوام | P1: الفكر والرأي | Q1: المعمار والتصميم | R1: الأرض والكون | S1: الشعر والبلاغة | T1: الدبلوماسية والعلاقات الدولية | U1: قواعد اللغة | V1: الاتصال ووسائل الإعلام | W1: الفروسية وحياة البادية | X1: الخط العربي والزخرفة | Y1: الفنون
A2: =COUNTA(A3:A5000) -> 215 | B2: =COUNTA(B3:B5000) -> 151 | C2: =COUNTA(C3:C5000) -> 413 | D2: =COUNTA(D3:D5000) -> 394 | E2: =COUNTA(E3:E5000) -> 255 | F2: =COUNTA(F3:F5000) -> 298 | G2: =COUNTA(G3:G5000) -> 358 | H2: =COUNTA(H3:H5000) -> 460 | ... Y2: =COUNTA(Y3:Y5000) -> 262
A3: إقناع | B3: نفس | C3: ابتكار | D3: عيد | E3: أثر | F3: أرضية | G3: ابتدائي | H3: سياسي | I3: أهرامات | J3: ابتكر | K3: أب | L3: ابتكر | M3: سفر | N3: أب | O3: جميلة | P3: فكري | Q3: معماري | R3: استواء | S3: ابتكار | T3: اتحاد | U3: أبجدية | V3: إعلام | W3: أخوة | X3: خط | Y3: ابتكار | AB3: سياسي
A4: رأي | B4: شخصية | C4: ابتكر | D4: احتفال | E4: أحفورة | F4: أثر | G4: آثار | H4: اتصال | I4: كولوسيوم | J4: اتحاد | K4: ابتدائي | L4: إبداع | M4: اتجاه | N4: ابتسامة | O4: شائب | P4: منطقي | Q4: ابتكار | R4: أوزون | S4: إبداع | T4: اتصال | U4: اتفاق | V4: أبكم | W4: إرادة | X4: قلم | Y4: إبداع | AB4: اتصال
A5: قول | B5: سلوك | C5: إبداع | D5: تقليد | E5: اختلاف | F5: أحافير | G5: اجتماع | H5: اتفاق | I5: منارة | J5: اتصال | K5: ابتكار | L5: إتقان | M5: استراحة | N5: ابن | O5: شائبة | P5: ابتذال | Q5: ابتكر | R5: جوي | S5: أبواب | T5: اتفاق | U5: أثرى | V5: أبلغ | W5: استدارة | X5: حبر | Y5: إخراج | AB5: اتفاق
A6: حاد | B6: وعي | C6: اتساق | D6: عادة | E6: اختيار | F6: أحفورة | G6: اجتماعية | H6: اتفاقية | I6: قصر | J6: اتفاق | K6: ابتكر | L6: أثر | M6: استكشاف | N6: ابنة | O6: إبهام | P6: ابتكار | Q6: إبداع | R6: اتساع | S6: أحجية | T6: اتفاقية | U6: أجوف | V6: اتصال | W6: استقرار | X6: نسخ | Y6: أخير | AB6: اتفاقية
A7: دقة | B7: لاوعي | C7: اتفاق | D7: موسم | E7: ارتفاع | F7: أحياء | G7: أحب | H7: اتفق | I7: معبد | J7: إتقان | K7: أبوي | L7: أجيال | M7: إضاءة | N7: احترام | O7: أبيض | P7: إبداع | Q7: آبنوس | R7: أجمة | S7: أحداث | T7: اتفق | U7: أحجية | V7: اتصل | W7: إغاثة | X7: ثلث | Y7: أدب | AB7: اتفق
A8: ذكيا | B8: دافع | C8: آثار | D8: هدية | E8: أرض | F8: إخلاء | G8: احتمال | H8: اتهم | I8: متحف | J8: احترام | K8: إتقان | L8: احتراف | M8: أفق | N8: أخ | O8: اتجاه | P8: اتجاه | Q8: أثاث | R8: احتباس | S8: إحساس | T8: اتهم | U8: أداة | V8: اتهام | W8: إقدام | X8: ديواني | Y8: استمع | AB8: اتهم
A9: غريب | B9: قلق | C9: أثبت | D9: وليمة | E9: أرضي | F9: أداة | G9: إحصاء | H9: اجتماع | I9: أثر | J9: إحسان | K9: إثراء | L9: اختراع | M9: اكتشاف | N9: أخت | O9: أثر | P9: اتفاق | Q9: اختراع | R9: احترار | S9: إحيائي | T9: اجتماع | U9: ارتباك | V9: أثبت | W9: أمان | X9: كوفي | Y9: أسطورة | AB9: اجتماع
A10: فكرة | B10: اكتئاب | C10: أثر | D10: تجمع | E10: استقرار | F10: ارتجاف | G10: إحصائي | H10: إجماع | I10: عجيبة | J10: أخ | K10: أثرى | L10: يدوية | M10: أمتعة | N10: اختيار | O10: احتكاك | P10: أثر | Q10: اخترع | R10: إحداثيات | S10: أدب | T10: إجماع | U10: استثناء | V10: أثر | W10: أمانة | X10: زخرفة | Y10: أسلوب | AB10: إجماع
A11: فهم | B11: سعادة | C11: إجابة | D11: فرح | E11: أسود | F11: ارتفاع | G11: أحياء | H11: احتفال | I11: رمز | J11: اختار | K11: إجازة | L11: أداة | M11: انطلاق | N11: إخلاص | O11: إحساس | P11: أثّر | Q11: ارتفاع | R11: إحداثية | S11: أدبي | T11: احتفال | U11: استخدام | V11: اجتماعي | W11: امتطاء | X11: نقش | Y11: إضاءة | AB11: احتفال
A12: مخطئ | B12: ذاكرة | C12: اجتماعي | D12: زينة | E12: إشارة | F12: أردواز | G12: أحيائي | H12: اختار | I12: معلم | J12: اختلاف | K12: احترام | L12: أدار | M12: بطء | N12: إرادة | O12: أخضر | P12: اجترار | Q12: إرث | R12: أحياء | S12: أديب | T12: احتلال | U12: استدلال | V12: أجواء | W12: أمن | X12: زخارف | Y12: إطار | AB12: اختار
A13: مشتت | B13: إدراك | C13: أجزاء | D13: فلكلور | E13: إشعاع | F13: أرض | G13: اختبار | H13: اختيار | I13: وجهة | J13: اختيار | K13: احتياج | L13: إدارة | M13: بغل | N13: أسرة | O13: أخلاق | P13: اجتماعي | Q13: أرخبيل | R13: أخدود | S13: ارتجال | T13: اختار | U13: استعارة | V13: إحاطة | W13: انسجام | X13: لوحة | Y13: إعجاب | AB13: اختيار
A14: مهم | B14: عاطفة | C14: إجماع | D14: ضيافة | E14: أصل | F14: أرضي | G14: اختراع | H14: أخلاقيات | I14: سياحة | J14: إخلاص | K14: أخ | L14: أدوات | M14: بغلة | N14: أسف | O14: إرادة | P14: أجّل | Q14: أردواز | R14: ارتجاف | S14: أرجوزة | T14: اختيار | U14: أسلوب | V14: احتج | W14: إنصاف | X14: خطاط | Y14: أغنية | AB14: أخلاقيات
... A108: دقيق | B108: انبساطي | C108: تساؤل | D108: إحساس | E108: شرط | F108: خرائط | G108: تقييم | H108: تعاون | I108: دهشة | J108: حضارة | K108: توضيح | L108: خشب | M108: مسار | N108: عهد | O108: حالة | P108: تخيل | Q108: جدارية | R108: جنوبي | S108: حروف | T108: تحفظ | U108: صامت | V108: ثرثار | W108: لجام | X108: فنية | Y108: زخرفة | AB108: تطبيع
A109: دقيقة | B109: توحد | C109: تشابه | D109: احمرار | E109: شروق | F109: خريطة | G109: تكلم | H109: تعددية | I109: كرنفال | J109: حق | K109: ثانوي | L109: خصب | N109: عودة | O109: حجم | P109: تخيلات | Q109: جذع | R109: جو | S109: حسرة | T109: تحكيم | U109: صحح | V109: ثرثر | W109: مباغتة | X109: دلالة | Y109: زخرفي | AB109: تعاون
A110: دليل | B110: إدمان | C110: تصور | D110: أدار | E110: شعار | F110: خطر | G110: تكنولوجيا | H110: تعليم | I110: معاصر | J110: حقوق | K110: ثانوية | L110: خفيف | N110: عين | O110: حرارة | P110: تراجع | Q110: جرانيت | R110: جوفي | S110: حشو | T110: تحمل | U110: صحيح | V110: ثرثرة | W110: مثابرة | X110: مضمون | Y110: زي | AB110: تعددية
A111: ذات | B111: انتكاسة | C111: تصورات | D111: ارتباك | E111: شعب | F111: خفاف | G111: تكوين | H111: تغيير | I111: رائع | J111: حقيقة | K111: ثقافة | L111: خمّر | N111: غرام | O111: حركة | P111: تركيز | Q111: جرثومة | R111: جوية | S111: حضارة | T111: تداول | U111: صرّف | V111: ثقافة | W111: محبة | X111: مظهر | Y111: ستار | AB111: تعليم
A112: ذاكرة | B112: شفاء | C112: تطور | D112: ارتجف | E112: شمال | F112: خفيف | G112: تلخيص | H112: تفاهم | I112: إعجاب | J112: حكاية | K112: ثقافي | L112: خميرة | N112: غضب | O112: حزم | P112: تسامح | Q112: جرس | R112: جيولوجيا | S112: حفظ | T112: تزوير | U112: صفة | V112: جدول | W112: مروءة | X112: هيئة | Y112: سحر | AB112: تغيير
A113: ذهن | B113: تعافي | C113: تطوير | D113: ارتياح | E113: شمس | F113: خليج | G113: تلميذ | H113: تفاوض | I113: أعجب | J113: حكمة | K113: ثقة | L113: دباغة | N113: غفران | O113: حساس | P113: تشاور | Q113: جسر | R113: حار | S113: حقيقة | T113: تشابه | U113: صوت | V113: جريدة | W113: مشورة | X113: تكوين | Y113: سلم | AB113: تفاهم
A114: رغبة | B114: مرونة | C114: تعارض | D114: أزعج | E114: شمسي | F114: دائري | G114: تمدرس | H114: تقارب | I114: عبادة | J114: حلم | K114: ثقف | L114: دخان | N114: غيرة | O114: حضور | P114: تشاؤم | Q114: جص | R114: حارة | S114: حكايات | T114: تصديق | U114: صورة | V114: جمع | W114: مضمار | X114: تركيب | Y114: سماعة | AB114: تفاوض
A115: رمزي | B115: صمود | C115: تعدد | D115: أزمة | E115: شهاب | F115: دخان | G115: تمرين | H115: تقدم | I115: ممتع | J115: حليف | K115: ثواب | L115: دراسة | N115: فرار | O115: حطام | P115: تشتت | Q115: جمالية | R115: حجب | S115: حكاية | T115: تصرف | U115: صياغة | V115: جمهور | W115: معركة | X115: عناصر | Y115: سهولة | AB115: تقارب
A116: روح | B116: تحمل | C116: تعددية | D116: استسلم | E116: صاروخ | F116: دراسة | G116: تمييز | H116: تقشف | I116: متعة | J116: حماية | K116: جامعي | L116: درفلة | N116: فراق | O116: حقيقي | P116: تصريح | Q116: جمجمة | R116: حديقة | S116: حكم | T116: تصريح | U116: صيغة | V116: جواب | W116: مهارة | X116: مكونات | Y116: سيرك | AB116: تقدم
A117: رؤية | B117: يأس | C117: تعريف | D117: استفز | E117: صيف | F117: درس | G117: تنجيم | H117: تكتل | I117: بهجة | J117: حنان | K117: جدارة | L117: دقة | N117: فرح | O117: حمى | P117: تصنيف | Q117: جمع | R117: حراث | S117: حكمة | T117: تصعيد | U117: ضد | V117: حبر | W117: مهماز | X117: تفاصيل | Y117: سيناريو | AB117: تقشف
A118: سرمدي | B118: أمل | C118: تعريفات | D118: استقرار | E118: ضباب | F118: دلتا | G118: توازن | H118: تماسك | I118: مدرج | J118: حوار | K118: جدول | L118: دقيق | N118: فزع | O118: حي | P118: تصور | Q118: جوهرة | R118: حرارة | S118: حل | T118: تصويت | U118: ضمة | V118: حجة | W118: مؤازرة | X118: دقائق | Y118: سينما | AB118: تكتل
A119: سوء | B119: رضا | C119: تغيير | D119: استياء | E119: ضعيف | F119: دهر | G119: تواضع | H119: تنازل | I119: قديم | J119: حياة | K119: جزاء | L119: دكان | N119: قرابة | O119: حياة | P119: تصويت | Q119: جير | R119: حرث | S119: حماسة | T119: تطبيع | U119: ضمني | V119: حدث | W119: ميدان | X119: ملامح | Y119: شاشة | AB119: تماسك
A120: سؤال | B120: قناعة | C120: تفسير | D120: أسر | E120: ضغط | F120: ذهب | G120: توضيح | H120: تنافس | I120: عتيق | J120: خدمة | K120: جماعي | L120: دهان | N120: قرب | O120: حيود | P120: تطرف | Q120: حاجز | R120: حرك | S120: حنين | T120: تعاون | U120: ضمير | V120: حديث | W120: ناقة | X120: سمات | Y120: شاعر | AB120: تنازل
... A122: شك | B122: إرادة | C122: تفكير | D122: آسف | E122: طاقة | F122: رجفة | G122: ثانوية | H122: تنمية | I122: قناة | J122: خطاب | K122: جوقة | L122: ذكي | N122: قلب | O122: حيوية | P122: تعبئة | Q122: حامل | R122: حصاد | S122: حوارية | T122: تفاهم | U122: طريقة | V122: حذّر | W122: نجمة | X122: مميزات | Y122: شعر | AB122: تنفيذي
A123: صحيح | B123: عزيمة | C123: تقدم | D123: أسى | E123: طائرة | F123: رحلة | G123: ثقافة | H123: توقيع | I123: رواق | J123: خلود | K123: حافز | L123: رأسمال | N123: قلق | O123: خامل | P123: تعدد | Q123: حبة | R123: حضيض | S123: خاتمة | T123: تفويض | U123: عامي | V123: حرر | W123: نخوة | Y123: شكل | AB123: تنمية
A124: صلة | B124: تقدير | C124: تقنية | D124: أشفق | E124: طور | F124: رخام | G124: جامعة | H124: تيار | I124: معماري | J124: خير | K124: حدس | L124: رافعة | N124: قوة | O124: خد | P124: تعددية | Q124: حبر | R124: حفر | S124: خاطرة | T124: تقارب | U124: عامية | V124: حرية | W124: نخيل | Y124: شيء | AB124: توقيع
A125: صواب | B125: بصيرة | C125: تماسك | D125: اشمئزاز | E125: طيف | F125: ردم | G125: جامعي | H125: ثقة | I125: عمارة | J125: درس | K125: حذر | L125: رحى | N125: كذب | O125: خسارة | P125: تعصب | Q125: حبل | R125: حفرة | S125: خرافة | T125: تقدم | U125: عبارة | V125: حساب | W125: نصر | Y125: صالة | AB125: تيار
A126: طبيعة | B126: حدس | C126: تمييز | D126: اضطراب | E126: ظاهرة | F126: رسوب | G126: جاهل | H126: ثنائية | I126: أرشيف | J126: درّس | K126: حرم | L126: رذاذ | N126: كره | O126: خشن | P126: تعليق | Q126: حجر | R126: حفظ | S126: خط | T126: تقشف | U126: عبّر | V126: حصيلة | W126: نفوذ | Y126: صوت | AB126: ثقة
A127: ظاهر | B127: لاشعور | C127: تناقض | D127: إعجاب | E127: ظل | F127: رسوبي | G127: جدلية | H127: ثورة | I127: حماس | J127: دعم | K127: حرية | L127: رقابة | N127: كلمة | O127: خشونة | P127: تعليم | Q127: حجم | R127: حقل | S127: خطابة | T127: تكتل | U127: عدد | V127: حظر | W127: هجوم | Y127: صورة | AB127: ثنائية
A128: ظن | B128: عقل | C128: تنظيم | D128: أعجب | E128: ظلام | F128: رسوبيات | G128: جغرافيا | H128: جانب | I128: أردواز | J128: دماغ | K128: حساب | L128: رماد | N128: لطف | O128: خلية | P128: تعمق | Q128: حداثة | R128: حلزون | S128: خطبة | T128: تماسك | U128: عربية | V128: حق | W128: هزيمة | Y128: ضجيج | AB128: ثورة
A129: عبرة | B129: روح | C129: تنوع | D129: أعصب | E129: عالم | F129: رصاص | G129: جمع | H129: جدير | I129: فن | J129: دولة | K129: حصيلة | L129: رواسب | N129: لق | O129: دالة | P129: تعيين | Q129: حديث | R129: حلزوني | S129: خمريات | T129: تمثيل | U129: عروض | V129: حقيقة | W129: هيبة | Y129: طباعة | AB129: جانب
A130: عبقري | B130: نفسية | C130: توازن | D130: ألم | E130: عبور | F130: ركاز | G130: جنون | H130: جريدة | I130: حرفة | J130: دين | K130: حضانة | L130: ريحي | N130: لقاء | O130: دائرة | P130: تغلغل | Q130: حديد | R130: حيوان | S130: دراسة | T130: تنازل | U130: عطف | V130: حل | W130: واحة | Y130: طبع | AB130: جدير
A131: عبقرية | B131: انفصام | C131: توضيح | D131: آلم | E131: عدسة | F131: رماد | G131: جهل | H131: جلب | I131: فنان | J131: ذاكرة | K131: حفز | L131: ريش | N131: محبة | O131: دراسة | P131: تفسير | Q131: حديقة | R131: حيوانات | S131: دلالات | T131: تنافس | U131: علامة | V131: حملة | W131: وثب | Y131: طبلة | AB131: جريدة
A132: عدم | B132: هذيان | C132: توقف | D132: آلية | E132: عطارد | F132: رملي | G132: جواب | H132: جلسة | I132: فني | J132: ذكرى | K132: حفظ | L132: زبدة | N132: مساعدة | O132: درجة | P132: تفكير | Q132: حرارة | R132: حيوية | S132: دوريات | T132: تنفيذي | U132: علم | V132: حياد | W132: ود | Y132: طبيعة | AB132: جلب
A133: عزم | B133: جنون | C133: ثقافي | D133: أمل | E133: عقدة | F133: رواسب | G133: جيولوجيا | H133: جمع | I133: ورشة | J133: رابطة | K133: حكاية | L133: زبون | N133: مسامحة | O133: درس | P133: تفلسف | Q133: حراسة | R133: خارجية | S133: دورية | T133: تهدئة | U133: عنصر | V133: خادم | W133: وفاء | Y133: طموح | AB133: جلسة
A134: عقل | B134: عبقرية | C134: ثنائية | D134: انتصر | E134: علم | F134: زبرجد | G134: حدس | H134: جمعية | I134: جذب | J134: راحة | K134: حل | L134: زجاج | N134: مساندة | O134: درع | P134: تفنيد | Q134: حرشفة | R134: خريطة | S134: ديار | T134: توتر | U134: عيّن | V134: خاص | W134: وقار | Y134: طين | AB134: جمع
A135: علة | B135: براعة | C135: جانب | D135: انتقام | E135: عملاق | F135: زراعي | G135: حذر | H135: جولة | I135: جاذبية | J135: رأفة | K135: حوار | L135: زراعة | N135: مصالحة | O135: دفع | P135: تفويض | Q135: حرفي | R135: خشب | S135: دينية | T135: توقيع | U135: غموض | V135: خبر | W135: يقظة | Y135: عاج | AB135: جمعية
A136: علم | B136: مهارة | C136: جبر | D136: انحنى | E136: عنقود | F136: زلزال | G136: حس | H136: جيش | I136: مذبح | J136: رأي | K136: حول | L136: زراعي | N136: مودة | O136: دقيقة | P136: تقدير | Q136: حساب | R136: خصب | S136: ذكرى | T136: تيار | U136: فاعل | V136: خبرة | Y136: عازف | AB136: جولة
A137: غاية | B137: قدرة | C137: جزء | D137: اندفاع | E137: عين | F137: زلزالي | G137: حساب | H137: حاجة | I137: شارع | J137: ربط | K137: خرافة | L137: زعفران | N137: موعد | O137: دماغ | P137: تقرير | Q137: حسب | R137: خصوبة | S137: ذم | T137: ثقة | U137: فتحة | V137: خبير | Y137: عاطفة | AB137: جيش
A138: غموض | B138: استعداد | C138: جزئيات | D138: اندماج | E138: غاز | F138: زئبق | G138: حضارة | H138: حاجز | I138: شرفة | J138: ربى | K138: خطأ | L138: زوّد | N138: ميل | O138: دهن | P138: تقلب | Q138: حصن | R138: خضار | S138: راو | T138: ثنائية | U138: فعل | V138: خدمة | Y138: عبر | AB138: حاجة
A139: غيب | B139: ميل | C139: جزئية | D139: إنذار | E139: غازي | F139: زيت | G139: حفظ | H139: حالف | I139: درابزين | J139: رجاء | K139: خطة | L139: زور | N139: نبض | O139: دوران | P139: تقليدي | Q139: حفر | R139: خط | S139: راوي | T139: ثورة | U139: فعلي | V139: خصص | Y139: عبقري | AB139: حاجز
A140: فرضية | B140: نزعة | C140: جسد | D140: انزعاج | E140: غبار | F140: ساحل | G140: حقيقة | H140: حدود | I140: قاعدة | J140: رجل | K140: خطط | L140: زيت | N140: نجاة | O140: ديناميكا | P140: تقي | Q140: حلق | R140: خلق | S140: راوية | T140: جانب | U140: فن | V140: خصوصية | Y140: عبقرية | AB140: حالف
A141: فشل | B141: باعث | C141: جملة | D141: انفعال | E141: غد | F141: ساق | G141: حكم | H141: حذر | I141: بازيليكا | J141: رحمة | K141: خيار | L141: ساعاتي | N141: نجدة | O141: ديناميكي | P141: تقييم | Q141: حلقة | R141: خليج | S141: رأي | T141: جبهة | U141: فئة | V141: خط | Y141: عدسة | AB141: حدود
A142: فطرة | B142: محفز | C142: جميل | D142: انقباض | E142: غلاف | F142: سائل | G142: حكمة | H142: حرّك | I142: مبني | J142: رضا | K142: دراسة | L142: سبك | N142: ندم | O142: ذاب | P142: تكلم | Q142: حلية | R142: خندق | S142: رباعية | T142: جدير | U142: قافية | V142: خطاب | Y142: عرض | AB142: حذر
A143: فطنة | B143: مثير | C143: جواب | D143: أهان | E143: فارق | F143: سبيكة | G143: حكيم | H143: حرية | I143: مبنى | J143: رعاية | K143: درجة | L143: سبيكة | N143: نزاع | O143: ذراع | P143: تكهن | Q143: حوض | R143: داخلية | S143: ربع | T143: جريدة | U143: قرأ | V143: خطب | Y143: عمارة | AB143: حرّك
A144: فكر | B144: تفاعل | C144: جوانب | D144: اهتز | E144: فانٍ | F144: سحابة | G144: حماقة | H144: حزب | I144: جميل | J144: رغبة | K144: درس | L144: سجاد | N144: نظرة | O144: ذرة | P144: تلميح | Q144: خارجي | R144: دائرة | S144: رثاء | T144: جلب | U144: قراءة | V144: خطبة | Y144: عود | AB144: حرية
A145: فلسفة | B145: تواصل | C145: جوهر | D145: اهتزاز | E145: فائدة | F145: سعة | G145: حوار | H145: حساب | I145: جميلة | J145: رفاهية | K145: درّس | L145: سعف | N145: نفس | O145: ذقن | P145: تمثيل | Q145: خدمة | R145: دائرية | S145: رحيل | T145: جلسة | U145: قوس | V145: خطط | Y145: غريب | AB145: حزب
A146: فناء | B146: علاقة | C146: حالة | D146: اهتمام | E146: فترة | F146: سفح | G146: حيوانية | H146: حسّن | I146: جوهرة | J146: رفيق | K146: دعم | L146: سلاح | N146: نية | O146: ذهني | P146: تمييز | Q146: خرسانة | R146: دبال | S146: رسالة | T146: جمع | U146: قول | V146: خلاف | Y146: غسل | AB146: حساب
A147: فيلسوف | B147: ارتباط | C147: حالي | D147: إيجابي | E147: فجر | F147: سفر | G147: خبرة | H147: حصار | I147: مجوهرات | J147: رقي | K147: دفتر | L147: سلال | N147: هجر | O147: رأس | P147: تناقض | Q147: خزان | R147: درب | S147: رسائل | T147: جمعية | U147: كتاب | V147: داخلي | Y147: غناء | AB147: حسّن
... A153: قياس | B153: هدوء | C153: حدد | D153: بكاء | E153: فلكية | F153: شفاف | G153: درس | H153: حكم | I153: خط | J153: سخاء | K153: ديناميكي | L153: سندان | N153: ود | O153: رشاقة | P153: ثورة | Q153: خليج | R153: دورة | S153: رواية | T153: حاجز | U153: لاحقة | V153: دليل | Y153: فصل | AB153: حقوق
A154: كتابة | C154: حدس | D154: بكى | E154: فوتون | F154: شقوق | G154: درّس | H154: حكّم | I154: مضلع | J154: سعادة | K154: ذاتي | L154: سوق | N154: وصال | O154: رشيق | P154: جازف | Q154: خندق | R154: ذروة | S154: روائي | T154: حالف | U154: لازم | V154: دورية | Y154: فضاء | AB154: حقوق
A155: كلام | C155: حدسي | D155: تجهم | E155: فوضوي | F155: شكل | G155: دكتوراه | H155: حكومة | I155: قبو | J155: سكان | K155: ذاكرة | L155: سيراميك | N155: وعد | O155: رعب | P155: جانب | Q155: خيط | R155: ذوبان | S155: روعة | T155: حدود | U155: لعب | V155: دولي | Y155: فن | AB155: حكم
A156: كون | C156: حركة | D156: تحفظ | E156: فوضى | F156: صحراء | G156: دل | H156: حكيم | I156: مشهور | J156: سكن | K156: ذهني | L156: سينما | N156: وفاء | O156: رقبة | P156: جدال | Q156: داخلي | R156: رأس | S156: رومانسي | T156: حذر | U156: لغة | V156: دوّن | Y156: فنان | AB156: حكّم
A157: كينونة | C157: حق | D157: تحكم | E157: فوهة | F157: صخر | G157: دليل | H157: حل | I157: خزف | J157: سلام | K157: راوٍ | L157: شحذ | N157: وله | O157: ركبة | P157: جدل | Q157: دانتيل | R157: راقب | S157: رويّ | T157: حرب | U157: لغوي | V157: ذاكرة | Y157: فني | AB157: حكومة
A158: لاوعي | C158: حقائق | D158: تحمل | E158: فيزياء | F158: صخرة | G158: ذاكرة | H158: حلبة | I158: مصلى | J158: سلامة | K158: ربى | L158: شحم | O158: رمش | P158: جدلية | Q158: درابزين | R158: رائد | S158: زجل | T158: حرّك | U158: لقب | V158: رابط | Y158: فهرس | AB158: حكيم
A159: لبس | C159: حقيقة | D159: تخلي | E159: فيزيائي | F159: صدع | G159: ذكاء | H159: حلف | I159: تاج | J159: سلطة | K159: رتبة | L159: شحن | O159: رنين | P159: جذري | Q159: دراسة | R159: ربع | S159: زحاف | T159: حرم | U159: لكنة | V159: راوٍ | Y159: فيلم | AB159: حل
A160: لتأكيد | C160: حقيقي | D160: ترقب | E160: قدر | F160: صدمة | G160: ذهن | H160: حلل | I160: ساحر | J160: سلم | K160: رسالة | L160: شراء | O160: رياضة | P160: جريدة | Q160: درج | R160: ردم | S160: زفرة | T160: حرية | U160: لهجة | V160: رأي | Y160: قدرة | AB160: حلبة
A161: لتنسى | C161: حكاية | D161: ترك | E161: قرص | F161: صعود | G161: راغب | H161: حليف | I161: سحر | J161: شاهد | K161: رسم | L161: شراب | O161: رياضي | P161: جمالي | Q161: درجة | R161: رسوبي | S161: زهد | T161: حزب | U161: مادة | V161: رد | Y161: قراءة | AB161: حلف
A162: لغة | C162: حكم | D162: تعاطف | E162: قزم | F162: صفيحة | G162: رأى | H162: حماس | I162: مصنف | J162: شجاعة | K162: رسوب | L162: شركة | O162: رئيسي | P162: جمجمة | Q162: درس | R162: رطب | S162: سبب | T162: حساب | U162: ماضٍ | V162: رسالة | Y162: قرص | AB162: حلل
A163: لغز | C163: حل | D163: تغلب | E163: قطب | F163: صلابة | G163: رأي | H163: حماية | I163: دير | J163: شرعية | K163: رسوم | L163: شعير | O163: زجاج | P163: جنحة | Q163: درع | R163: رطبة | S163: سجع | T163: حسّن | U163: مباشر | V163: رسمي | Y163: قصيدة | AB163: حليف
A164: للتحقق | C164: حلل | D164: تفاعل | E164: قطبي | F164: صلد | G164: رحمة | H164: حملة | I164: مجموعة | J164: شرف | K164: رضيع | L164: شمع | O164: زمن | P164: جنون | Q164: دقة | R164: ركام | S164: سخرية | T164: حصار | U164: مبالغة | V164: رصد | Y164: قلم | AB164: حماس
A165: ليثبت | C165: حلم | D165: تفاؤل | E165: قطر | F165: صهارة | G165: رسمي | H165: حوار | I165: جامع | J165: شعب | K165: رفيق | L165: شمندر | O165: زنبرك | P165: جهل | Q165: دهان | R165: روث | S165: سرد | T165: حصانة | U165: مبتدأ | V165: رقابة | Y165: قماش | AB165: حماية
A166: ليفرق | C166: حلول | D166: تكلم | E166: قمر | F166: صوان | G166: رغب | H166: حوض | I166: ضخم | J166: شعور | K166: روح | L166: شهادة | O166: زوج | P166: جواب | Q166: دير | R166: ري | S166: سطر | T166: حصيلة | U166: متجانس | V166: رقمي | Y166: قيثارة | AB166: حملة
A167: ليفكر | C167: حوار | D167: تلذذ | E167: قمري | F167: ضخ | G167: رغبة | H167: حياد | I167: تذكاري | J167: شفافية | K167: رياضة | L167: صابون | O167: ساعة | P167: حاسم | Q167: ديكور | R167: ريفي | S167: سلاسة | T167: حضر | U167: متحدث | V167: رمز | Y167: كاتب | AB167: حوار
A168: ماكرة | C168: خارج | D168: تنافس | E168: قنطور | F168: ضرر | G168: رقم | H168: حيلة | I168: إحياء | J168: شفقة | K168: سجل | L168: صانع | O168: ساق | P168: حجة | Q168: ذاكرة | R168: زاوية | S168: سمر | T168: حظر | U168: متصل | V168: رمّز | Y168: كاميرا | AB168: حوض
A169: ماهر | C169: خاص | D169: تنبيه | E169: قوة | F169: طباشيري | G169: رمز | H169: خارجي | I169: تعويذة | J169: شك | K169: سردي | L169: صب | O169: سائل | P169: حد | Q169: ذهّب | R169: زراعة | S169: سيرة | T169: حق | U169: متعدٍ | V169: رنين | Y169: كبير | AB169: حياد
... A217: يقين | C217: سياسة | D217: دماغ | E217: مسييه | F217: قمة | G217: علمي | H217: سهولة | I217: استثنائي | J217: فقر | K217: علامة | L217: فرع | O217: طول | P217: رتبة | Q217: شرفة | R217: ضحل | S217: علوم | T217: رئيس | U217: مهيمن | V217: طريق | Y217: مقطع | AB217: سلوك
C218: سياق | D218: دمعة | E218: مطر | F218: قمر | G218: علوم | H218: سيادة | I218: ابتهاج | J218: فكر | K218: عمر | L218: فرن | O218: طويل | P218: رجعي | Q218: شريط | R218: ضوء | S218: عمق | T218: زاوية | U218: موصول | V218: طقس | Y218: مقلد | AB218: سمح
C219: سياقات | D219: دهشة | E219: مطلق | F219: قمري | G219: عليم | H219: سياسة | I219: أسطوري | J219: فكرة | K219: عملية | L219: فرو | O219: طيف | P219: رسالة | Q219: شفافية | R219: ضيق | S219: عناوين | T219: زراعي | U219: موضوع | V219: طلب | Y219: ملحمة | AB219: سهولة
C220: شاذ | D220: دوار | E220: مظلم | F220: قمع | G220: عملي | H220: سياق | I220: واجهة | J220: فلسفة | K220: عميد | L220: فصل | O220: ظل | P220: رضا | Q220: شق | R220: طبقة | S220: عنوان | T220: زعامة | U220: موقع | V220: ظرف | Y220: ملصق | AB220: سيادة
C221: شامل | D221: ذاتي | E221: مغامرة | F221: كارثة | G221: عملية | H221: شجب | I221: خيال | J221: فن | K221: غاية | L221: فضة | O221: ظهر | P221: رغبة | Q221: شكل | R221: طبيعة | S221: غرام | T221: زعيم | U221: مؤلف | V221: عاجل | Y221: ممثل | AB221: سياسة
C222: شائع | D222: ذاكرة | E222: مكوك | F222: كبريت | G222: عنصر | H222: شراء | I222: خيالي | J222: فهم | K222: غريزة | L222: فك | O222: عازل | P222: رفض | Q222: شكّل | R222: طبيعية | S222: فحل | T222: زمرة | U222: مؤنث | V222: عام | Y222: ممثلة | AB222: سياق
C223: شر | D223: ذعر | E223: ملاحظة | F223: كبريتات | G223: عينة | H223: شراكة | I223: افتتان | J223: فئة | K223: غناء | L223: فلين | O223: عازم | P223: رقابة | Q223: شلال | R223: طحلب | S223: فخر | T223: زيارة | U223: ناقص | V223: عامية | Y223: منحوتة | AB223: شجب
C224: شرح | D224: ذهان | E224: مناخ | F224: كتلة | G224: فرضية | H224: شرعية | I224: جنية | J224: قادر | K224: فاعلية | L224: فن | O224: عاطفة | P224: رمزية | Q224: شمع | R224: طريق | S224: فراق | T224: ساحة | U224: نبرة | V224: عبارة | Y224: منظر | AB224: شراء
C225: شعور | D225: ذهني | E225: منتظم | F225: كثافة | G225: فرع | H225: شركة | I225: خرافة | J225: قانون | K225: فائز | L225: فندقي | O225: عالم | P225: رواقية | Q225: شيد | R225: طمي | S225: فصاحة | T225: ساعد | U225: نحو | V225: عبّر | Y225: منظور | AB225: شراكة
C226: شك | D226: ذهول | E226: منحنى | F226: كثيف | G226: فضول | H226: شعب | I226: خرافي | J226: قبل | K226: فترة | L226: فولاذ | O226: عتاد | P226: رواية | Q226: صدفة | R226: طهّر | S226: فصحى | T226: سفارة | U226: نداء | V226: عدد | Y226: منمنمة | AB226: شرعية
C227: شكل | D227: رابطة | E227: منطقة | F227: كربونات | G227: فضولي | H227: شفافية | I227: عيد | J227: قبول | K227: فردي | L227: فيلم | O227: عتامة | P227: روح | Q227: صرح | R227: طوفان | S227: فصل | T227: سفر | U227: نشر | V227: عرض | Y227: موسيقى | AB227: شركة
C228: شكلي | D228: راحة | E228: منظار | F228: كرة | G228: فضيلة | H228: شمولية | I228: فخر | J228: قدر | K228: فرض | L228: قادر | O228: عدسة | P228: روحانية | Q228: صريح | R228: طول | S228: فصول | T228: سفير | U228: نص | V228: عضو | Y228: موهبة | AB228: شعب
C229: شمول | D229: رضا | E229: موجة | F229: كسر | G229: فكر | H229: شهادة | I229: شكل | J229: قدرة | K229: فشل | L229: قالب | O229: عرض | P229: رؤية | Q229: صلابة | R229: طي | S229: فعل | T229: سلاح | U229: نصب | V229: عقدة | Y229: نار | AB229: شفافية
... C245: عادل | D245: شدة | E245: هالة | F245: مثقاب | G245: قديم | H245: طعن | I245: تكريم | J245: كفالة | K245: قدّم | L245: كاشف | O245: عين | P245: سياق | Q245: ظل | R245: غابة | S245: قومية | T245: شريك | U245: وقّف | V245: فيض | Y245: منشد | AB245: طبّق
C246: عادي | D246: شديد | E246: هائل | F246: محيط | G246: قرأ | H246: طلب | I246: رعب | J246: لغة | K246: قرأ | L246: كاكاو | O246: عينة | P246: شجب | Q246: عارضة | R246: غاز | S246: قيمة | T246: شفافية | V246: قارئ | Y246: مهارة | AB246: طبقة
C247: عالمي | D247: شعر | E247: هبوط | F247: مختبر | G247: قراءة | H247: عاصمة | I247: فندق | J247: لهجة | K247: قراءة | L247: كاولين | O247: غاز | P247: شخصي | Q247: عاصمة | R247: غائم | S247: كاتب | T247: شمولية | V247: قاعدة | Y247: مهرج | AB247: طعن
C248: عام | D248: شعور | E248: هلال | F248: مخروط | G248: قرر | H248: عالم | I248: صنم | J248: لياقة | K248: قرار | L248: كتان | O248: غاية | P248: شرح | Q248: عبر | R248: غبار | S248: كتاب | T248: شهادة | V248: قانون | Y248: مهرجان | AB248: طلب
C249: عبر | D249: شغب | E249: هندسة | F249: مدخنة | G249: قوة | H249: عجز | I249: وهم | J249: ماء | K249: قصيدة | L249: كحول | O249: غرام | P249: شعار | Q249: عتاد | R249: غربي | S249: كتابة | T249: صار | V249: قدم | Y249: موسيقي | AB249: عاصمة
C250: عدد | D250: شغف | E250: هوائي | F250: مدمر | G250: قيمة | H250: عدالة | I250: صورة | J250: ماضي | K250: قلم | L250: كرتون | O250: غليان | P250: شعبي | Q250: عرض | R250: غرس | S250: كتب | T250: صداقة | V250: قدّم | Y250: موضوع | AB250: عالم
C251: عرض | D251: شفاء | E251: هيدروجين | F251: مركبة | G251: كتاب | H251: عدّل | I251: خالد | J251: مأوى | K251: قواعد | L251: كوبالت | O251: فارق | P251: شعبية | Q251: عزل | R251: غروب | S251: كلمات | T251: صدمة | V251: قديم | Y251: مؤلف | AB251: عجز
C252: عرف | D252: شفقة | E252: هيليوم | F252: مركز | G252: كتابة | H252: عرض | I252: مهيب | J252: مبدأ | K252: قيم | L252: كوّن | O252: فتوة | P252: شعر | Q252: عصا | R252: غلاف | S252: كلمة | T252: صراع | V252: قرأ | Y252: مونتاج | AB252: عدالة
C253: عرّف | D253: شفى | E253: واضح | F253: مرن | G253: كتب | H253: عرف | I253: افتتاح | J253: مبدع | K253: قيّم | L253: كير | O253: فخذ | P253: شعور | Q253: عظمة | R253: فارق | S253: لغة | T253: صلاحية | V253: قراءة | Y253: ناقد | AB253: عدالة
C254: عقل | D254: شك | E254: وجود | F254: مساحة | G254: كتوم | H254: عشق | I254: نفيس | J254: متساوٍ | K254: كتاب | L254: كيمياء | O254: فرد | P254: شك | Q254: عليّة | R254: فأس | S254: لغوي | T254: صلة | V254: قرر | Y254: ناي | AB254: عدّل
C255: عقول | D255: شهية | E255: وسط | F255: مسامية | G255: كرّس | H255: عشيرة | I255: مسجل | J255: متنوع | K255: كتب | L255: كيميائي | O255: فرضية | P255: شمولي | Q255: عمارة | R255: فاصوليا | S255: لفظ | T255: صندوق | V255: قرصنة | Y255: نجم | AB255: عرض
C256: عقيدة | D256: شوق | E256: وشاح | F256: مسبار | G256: كرسي | H256: عصابة | I256: إلهام | J256: مثال | K256: كتيب | L256: لامع | O256: فصيح | P256: شوّه | Q256: عمود | R256: فاكهة | S256: لقاء | T256: ضد | V256: قصة | Y256: نشيد | AB256: عرف
C257: عكس | D257: صادق | E257: وهج | F257: مستكشف | G257: كشف | H257: عصبة | I257: جرد | J257: مثالي | K257: كفاءة | L257: لصق | O257: فضيلة | P257: صاغ | Q257: عنقود | R257: فخار | S257: لهجة | T257: ضريبي | V257: قضية | Y257: نص | AB257: عشق
C258: علاقات | D258: صداقة | F258: مسح | G258: كفاءة | H258: عصيان | I258: أيوني | J258: مثالية | K258: كلاسيكي | L258: لهب | O258: فعال | P258: صحافة | Q258: عوامة | R258: فدان | S258: لوم | T258: ضغط | V258: قناة | Y258: نقد | AB258: عشيرة
C259: علاقة | D259: صدق | F259: مضخة | G259: كفى | H259: عضو | I259: فرح | J259: مجتمع | K259: كلية | L259: لؤلؤ | O259: فولت | P259: صحفي | Q259: عيار | R259: فرن | S259: مبالغة | T259: ضم | V259: قول | Y259: هتف | AB259: عصابة
C260: علم | D260: صدم | F260: مضيق | G260: كلاسيكية | H260: عفو | I260: دمعة | J260: محامي | K260: كوّن | L260: ليف | O260: فيزياء | P260: صحيح | Q260: غرفة | R260: فصل | S260: متانة | T260: ضمن | V260: كابل | Y260: هجاء | AB260: عصبة
C261: عملية | D261: صدمة | F261: مطرقة | G261: كلية | H261: عقد | I261: إرث | J261: محبة | K261: لاحظ | L261: ماء | O261: قادر | P261: صدمة | Q261: غطى | R261: فصول | S261: مترجم | T261: طبع | V261: كاتب | Y261: هدف | AB261: عصيان
...

Sheet RÉCAP GLOBAL
J1: Nb mots | K1: Nb thèmes | L1: Maquette
J2: ='M1'!C24 -> 6418 | K2: 20 | L2: M1
J3: ='M2'!C24 -> 5743 | K3: 20 | L3: M2
J4: ='M3'!C24 -> 5268 | K4: 20 | L4: M3
J5: ='M4'!C24 -> 5645 | K5: 20 | L5: M4
J6: ='M5'!C29 -> 7865 | K6: 25 | L6: M5
J7: =SUM(J2:J6) -> 30939 | K7: =SUM(K2:K6) -> 105 | L7: TOTAL

Sheet LÉGENDE
A1: Légende — ALKAMO Dictionnaire Arabe (réceptacle)
A3: • Structure calquée sur ALKAMO_dictionnaire.xlsx (français) : un onglet Mx (thèmes + comptage) et un onglet Mx_mots (mots par thème en colonnes) pour chaque maquette.
A4: • 105 thèmes au total (4×20 + 25), en excluant les 5 cases 'mots libres' de chaque maquette M1-M4 (pas de nom de thème, mot du dictionnaire accepté sans vérification).
A5: • Le 10/09 : retrait de الفضاء الخيالي (M4) et المستقبل والتكنولوجيا الخيالية (M5), jugés redondants entre eux ; المفاهيم العامة والجمع (M5) laissé en place pour l'instant, jugé trop vague, à retrancher éventuellement plus tard.
A6: • Thèmes ajoutés (surlignés en vert, réceptacle vide à enrichir) : السينما والفن السابع (M4) ; الشعر والبلاغة, الدبلوماسية والعلاقات الدولية, المسرح والفنون الأدائية, الضيافة والكرم, الفروسية وحياة البادية, الخط العربي والزخرفة, الأمثال والحكم الشعبية (M5).
A7: • Ligne 2 de chaque onglet Mx_mots = formule =COUNTA(...) qui recompte automatiquement le nombre de mots de la colonne.
A8: • Les autres mots (~20 par thème) proviennent du fichier source Matrice_Lexicale_Arabe_99_Themes.xlsx ; simple point de départ, à enrichir librement.
A9: • Aucun recoupement vérifié avec les 87 thèmes déjà affichés sur les maquettes en ligne (jeu_ar.html/index_ar.html) — étape à faire ensuite.

Sheet Sheet1

Sheet Journal des changements
A1: Feuille | B1: Thème | C1: Mot avant | D1: Action | E1: Mot après | F1: Confiance | G1: Motif
A2: M1_mots | B2: الطقس والمناخ | C2: إنصهار | D2: remplacé | E2: انصهار | F2: sûr | G2: alif de liaison : pas de hamza (انصهار)
A3: M1_mots | B3: جسم الإنسان | C3: ابهام | D3: remplacé | E3: إبهام | F3: sûr | G3: hamza de coupure : إبهام (pouce)
A4: M1_mots | B4: الطبيعة والتضاريس | C4: اخاديد | D4: remplacé | E4: أخاديد | F4: sûr | G4: pluriel de أخدود : hamza sur l’alif
A5: M1_mots | B5: الحرف اليدوية | C5: اخصائي | D5: remplacé | E5: أخصائي | F5: sûr | G5: hamza sur l’alif : أخصائي
A6: M1_mots | B6: الطقس والمناخ | C6: ارصاد | D6: remplacé | E6: أرصاد | F6: sûr | G6: pluriel de رصد : أرصاد
A7: M1_mots | B7: الحيوانات | C7: اروية | D7: remplacé | E7: أروية | F7: sûr | G7: hamza sur l’alif : أروية
A8: M1_mots | B8: الطاقة والموارد الطبيعية | C8: امدادات | D8: remplacé | E8: إمدادات | F8: sûr | G8: hamza de coupure : إمدادات
A9: M1_mots | B9: جسم الإنسان | C9: انملة | D9: remplacé | E9: أنملة | F9: sûr | G9: hamza sur l’alif : أنملة
A10: M1_mots | B10: الطبخ والأطباق | C10: بامياء | D10: remplacé | E10: بامية | F10: probable | G10: variante inhabituelle de بامية
A11: M1_mots | B11: جسم الإنسان | C11: صدرى | D11: remplacé | E11: صدري | F11: sûr | G11: adjectif relatif : ي final, pas ى
A12: M1_mots | B12: الطاقة والموارد الطبيعية | C12: مدفاة | D12: remplacé | E12: مدفأة | F12: sûr | G12: hamza manquant : مدفأة
... A60: M5_mots | B60: الصناعات | C60: لكة | D60: supprimé | E60: — | F60: probable | G60: mot non reconnu / douteux
